id,symbol,name,image,current_price,market_cap,market_cap_rank,fully_diluted_valuation,total_volume,high_24h,low_24h,price_change_24h,price_change_percentage_24h,market_cap_change_24h,market_cap_change_percentage_24h,circulating_supply,total_supply,max_supply,ath,ath_change_percentage,ath_date,atl,atl_change_percentage,atl_date,roi,last_updated
bitcoin,btc,Bitcoin,https://assets.coingecko.com/coins/images/1/large/bitcoin.png?1547033579,26011.0,506104319424,1,546005995576.0,14743397684.0,26155.0,25575.0,-13.643032332882285,-0.05242,-784891265.6782227,-0.15484,19465337.0,21000000.0,21000000.0,69045.0,-62.31022,2021-11-10T14:24:11.849Z,67.81,38276.64964,2013-07-06T00:00:00.000Z,,2023-08-23T03:38:42.722Z
ethereum,eth,Ethereum,https://assets.coingecko.com/coins/images/279/large/ethereum.png?1595348880,1632.77,196246298592,2,196246298592.0,10063797853.0,1666.86,1597.41,-29.568266149449528,-1.77871,-3796992795.244446,-1.89809,120214313.222187,120214313.222187,,4878.26,-66.50265,2021-11-10T14:24:19.604Z,0.432979,377305.94669,2015-10-20T00:00:00.000Z,"{'times': 82.94548390418198, 'currency': 'btc', 'percentage': 8294.548390418198}",2023-08-23T03:38:36.724Z
tether,usdt,Tether,https://assets.coingecko.com/coins/images/325/large/Tether.png?1668148663,0.999323,82811304725,3,82811304725.0,14579355185.0,1.004,0.996619,-0.000167778279027253,-0.01679,-22391783.16194153,-0.02703,82853331627.822,82853331627.822,,1.32,-24.46472,2018-07-24T00:00:00.000Z,0.572521,74.56193,2015-03-02T00:00:00.000Z,,2023-08-23T03:35:02.596Z
binancecoin,bnb,BNB,https://assets.coingecko.com/coins/images/825/large/bnb-icon2_2x.png?1644979850,212.75,32766584431,4,42593792228.0,820849807.0,214.43,204.21,2.91,1.38891,472135504.0,1.46197,153856150.0,153856150.0,200000000.0,686.31,-68.92632,2021-05-10T07:24:17.097Z,0.0398177,535492.71431,2017-10-19T00:00:00.000Z,,2023-08-23T03:38:35.065Z
ripple,xrp,XRP,https://assets.coingecko.com/coins/images/44/large/xrp-symbol-white-128.png?1605778731,0.520072,27501198587,5,52044334153.0,1136012950.0,0.522798,0.50713,-0.000442116465386611,-0.08494,-61863651.43098068,-0.22444,52841868447.0,99988501123.0,100000000000.0,3.4,-84.66936,2018-01-07T00:00:00.000Z,0.00268621,19295.52983,2014-05-22T00:00:00.000Z,,2023-08-23T03:38:41.038Z
usd-coin,usdc,USD Coin,https://assets.coingecko.com/coins/images/6319/large/USD_Coin_icon.png?1547042389,0.999742,25919893573,6,25924904966.0,4818378638.0,1.005,0.997146,-0.000157968025281674,-0.0158,-56736842.77722168,-0.21841,25930730361.4821,25935743849.969,,1.17,-14.75701,2019-05-08T00:40:28.300Z,0.877647,13.90117,2023-03-11T08:02:13.981Z,,2023-08-23T03:38:44.148Z
staked-ether,steth,Lido Staked Ether,https://assets.coingecko.com/coins/images/13442/large/steth_logo.png?1608607546,1631.29,13578523458,7,13578523458.0,52780236.0,1667.91,1601.73,-32.359734558273885,-1.94511,-206677022.53742027,-1.49927,8328983.82438051,8328983.82438051,8328983.82438051,4829.57,-66.18966,2021-11-10T14:40:47.256Z,482.9,238.146,2020-12-22T04:08:21.854Z,,2023-08-23T03:38:44.397Z
cardano,ada,Cardano,https://assets.coingecko.com/coins/images/975/large/cardano.png?1547034860,0.258709,9066182280,8,11641545444.0,200625216.0,0.261727,0.250525,-0.002485760109215696,-0.95169,-106019566.74659348,-1.15588,35045020830.3234,45000000000.0,45000000000.0,3.09,-91.61508,2021-09-02T06:00:10.474Z,0.01925275,1244.40593,2020-03-13T02:22:55.044Z,,2023-08-23T03:38:37.554Z
dogecoin,doge,Dogecoin,https://assets.coingecko.com/coins/images/5/large/dogecoin.png?1547792256,0.062733,8833391660,9,8833386637.0,318849902.0,0.063199,0.0605,0.00022378,0.358,30799565.0,0.34989,140702236383.705,140702156383.705,,0.731578,-91.40923,2021-05-08T05:08:23.458Z,8.69e-05,72219.30702,2015-05-06T00:00:00.000Z,,2023-08-23T03:38:36.523Z
solana,sol,Solana,https://assets.coingecko.com/coins/images/4128/large/solana.png?1640133422,20.64,8410138907,10,11459874315.0,442733257.0,21.19,19.66,-0.41434424726081076,-1.96777,-193728458.93599796,-2.25164,407773135.571352,555642294.90205,,259.96,-92.05055,2021-11-06T21:54:35.825Z,0.500801,4026.45307,2020-05-11T19:35:23.449Z,,2023-08-23T03:38:35.665Z
tron,trx,TRON,https://assets.coingecko.com/coins/images/1094/large/tron-logo.png?1547035066,0.076091,6795545741,11,6795549271.0,195114119.0,0.076143,0.074463,0.00116918,1.56054,95301664.0,1.42236,89401256807.612,89401303247.1833,,0.231673,-67.18055,2018-01-05T00:00:00.000Z,0.00180434,4113.93179,2017-11-12T00:00:00.000Z,"{'times': 39.04765062205803, 'currency': 'usd', 'percentage': 3904.7650622058027}",2023-08-23T03:38:42.383Z
polkadot,dot,Polkadot,https://assets.coingecko.com/coins/images/12171/large/polkadot.png?1639712644,4.4,5576454379,12,5932740628.0,119750458.0,4.44,4.24,-0.018760643389307496,-0.42426,-29938019.83123684,-0.534,1266984475.78806,1347933608.70282,,54.98,-91.9865,2021-11-04T14:10:09.301Z,2.7,63.33529,2020-08-20T05:48:11.359Z,,2023-08-23T03:38:38.701Z
matic-network,matic,Polygon,https://assets.coingecko.com/coins/images/4713/large/matic-token-icon.png?1624446912,0.548369,5100290243,13,5472726188.0,329158623.0,0.552869,0.529131,-0.003375525550833314,-0.61179,-58826574.89234066,-1.14025,9319469069.28493,10000000000.0,10000000000.0,2.92,-81.22597,2021-12-27T02:08:34.307Z,0.00314376,17315.45716,2019-05-10T00:00:00.000Z,"{'times': 207.50541467998977, 'currency': 'usd', 'percentage': 20750.541467998977}",2023-08-23T03:38:34.759Z
the-open-network,ton,Toncoin,https://assets.coingecko.com/coins/images/17980/large/ton_symbol.png?1670498136,1.4,4808478255,14,7120148437.0,26015849.0,1.41,1.34,0.04973798,3.6874,170215702.0,3.66982,3439076840.76433,5092408927.53341,,5.29,-73.57251,2021-11-12T06:50:02.476Z,0.519364,169.21869,2021-09-21T00:33:11.092Z,,2023-08-23T03:38:37.581Z
shiba-inu,shib,Shiba Inu,https://assets.coingecko.com/coins/images/11939/large/shiba.png?1622619446,8.14e-06,4796410559,15,8138594289.0,178512225.0,8.17e-06,7.71e-06,2.46394e-07,3.1206,136413797.0,2.92734,589332624479530.2,999985108198272.0,,8.616e-05,-90.52606,2021-10-28T03:54:55.568Z,5.6366e-11,14481287.3964,2020-11-28T11:26:25.838Z,,2023-08-23T03:38:37.801Z
litecoin,ltc,Litecoin,https://assets.coingecko.com/coins/images/2/large/litecoin.png?1547033580,64.81,4768841160,16,5444828664.0,531792746.0,66.54,63.01,-1.6923838825629645,-2.54498,-129710175.26567745,-2.64793,73571214.4834713,84000000.0,84000000.0,410.26,-84.18299,2021-05-10T03:13:07.904Z,1.15,5548.36562,2015-01-14T00:00:00.000Z,,2023-08-23T03:38:38.195Z
wrapped-bitcoin,wbtc,Wrapped Bitcoin,https://assets.coingecko.com/coins/images/7598/large/wrapped_bitcoin_wbtc.png?1548822744,25991.0,4220151262,17,4220151262.0,98291627.0,26150.0,25602.0,-82.73051623605716,-0.31729,-9860235.492134094,-0.2331,162305.25767567,162305.25767567,162305.25767567,70643.0,-63.16667,2021-11-10T14:40:19.650Z,3139.17,728.89071,2019-04-02T00:00:00.000Z,,2023-08-23T03:38:38.407Z
dai,dai,Dai,https://assets.coingecko.com/coins/images/9956/large/Badge_Dai.png?1687143508,1.0,3962524920,18,3962524920.0,151497642.0,1.003,0.997774,0.00061292,0.06132,4759892.0,0.12027,3963037941.20088,3963037941.20088,,1.22,-17.92507,2020-03-13T03:02:50.373Z,0.88196,13.43333,2023-03-11T07:50:50.514Z,,2023-08-23T03:35:02.469Z
bitcoin-cash,bch,Bitcoin Cash,https://assets.coingecko.com/coins/images/780/large/bitcoin-cash-circle.png?1594689492,187.08,3645900669,19,3929639363.0,136288804.0,187.85,180.73,2.4,1.30139,42264373.0,1.17283,19483699.8966508,21000000.0,21000000.0,3785.82,-95.05075,2017-12-20T00:00:00.000Z,76.93,143.54341,2018-12-16T00:00:00.000Z,,2023-08-23T03:38:42.865Z
leo-token,leo,LEO Token,https://assets.coingecko.com/coins/images/8418/large/leo-token.png?1558326215,3.85,3579904808,20,3794456992.0,179738.0,3.85,3.73,0.03340428,0.87477,64442222.0,1.83311,929530534.9,985239504.0,,8.14,-52.6617,2022-02-08T17:40:10.285Z,0.799859,381.47642,2019-12-24T15:14:35.376Z,,2023-08-23T03:38:39.598Z
uniswap,uni,Uniswap,https://assets.coingecko.com/coins/images/12504/large/uni.jpg?1687143398,4.68,3524680410,21,4676089518.0,128468775.0,4.76,4.51,-0.049326533714370235,-1.04387,-41609936.98604393,-1.16676,753766667.0,1000000000.0,1000000000.0,44.92,-89.58702,2021-05-03T05:25:04.822Z,1.03,354.03244,2020-09-17T01:20:38.214Z,,2023-08-23T03:38:38.181Z
avalanche-2,avax,Avalanche,https://assets.coingecko.com/coins/images/12559/large/Avalanche_Circle_RedWhite_Trans.png?1670992574,10.11,3476328725,22,7274424807.0,138862371.0,10.32,9.77,-0.17786059756003958,-1.72915,-71822173.76794004,-2.02421,344076232.609468,430795682.609468,720000000.0,144.96,-93.02982,2021-11-21T14:18:56.538Z,2.8,260.72226,2020-12-31T13:15:21.540Z,,2023-08-23T03:38:35.024Z
stellar,xlm,Stellar,https://assets.coingecko.com/coins/images/100/large/Stellar_symbol_black_RGB.png?1552356157,0.12056,3305339983,23,6033920435.0,88844753.0,0.124315,0.11761,-0.003436318611749437,-2.77131,-99002222.49246883,-2.90812,27390634059.812,50001787237.4735,50001787237.4735,0.875563,-86.19084,2018-01-03T00:00:00.000Z,0.00047612,25294.23251,2015-03-05T00:00:00.000Z,,2023-08-23T03:38:41.818Z
chainlink,link,Chainlink,https://assets.coingecko.com/coins/images/877/large/chainlink-new-logo.png?1547034700,6.13,3297992057,24,6128957876.0,219592824.0,6.24,5.91,-0.015276656793174585,-0.24867,-14021584.94663477,-0.42336,538099971.2305644,1000000000.0,1000000000.0,52.7,-88.35143,2021-05-10T00:13:57.214Z,0.148183,4042.44084,2017-11-29T00:00:00.000Z,,2023-08-23T03:38:37.522Z
binance-usd,busd,Binance USD,https://assets.coingecko.com/coins/images/9576/large/BUSD.png?1568947766,0.999425,3193828453,25,3193828453.0,2490515554.0,1.011,0.994631,-0.000447597909397968,-0.04477,-21455334.807120323,-0.66729,3196632567.97,3196632567.97,,1.15,-13.34793,2020-03-13T02:35:42.953Z,0.901127,10.98785,2021-05-19T13:04:37.445Z,,2023-08-23T03:38:35.699Z
true-usd,tusd,TrueUSD,https://assets.coingecko.com/coins/images/3449/large/tusd.png?1618395665,0.999412,2748156211,26,2748156211.0,2294326157.0,1.004,0.986871,6.164e-05,0.00617,-4711955.925524235,-0.17117,2754461423.8,2754461423.8,,1.62,-38.30526,2018-08-26T20:41:09.375Z,0.88355,13.01424,2020-03-12T10:47:51.380Z,,2023-08-23T03:38:39.939Z
monero,xmr,Monero,https://assets.coingecko.com/coins/images/69/large/monero_logo.png?1547033729,145.3,2638420983,27,,64150771.0,149.64,143.56,-4.001094737073629,-2.67994,-71149150.81197214,-2.62585,18147820.3764146,,,542.33,-73.18417,2018-01-09T00:00:00.000Z,0.216177,67173.25695,2015-01-14T00:00:00.000Z,,2023-08-23T03:38:43.797Z
okb,okb,OKB,https://assets.coingecko.com/coins/images/4463/large/WeChat_Image_20220118095654.png?1642471050,43.22,2593536374,28,12967681871.0,2361724.0,43.31,42.1,0.092301,0.21401,-831609.7038755417,-0.03205,60000000.0,235957685.3,300000000.0,58.66,-26.17215,2023-02-18T01:21:37.582Z,0.580608,7358.80308,2019-01-14T00:00:00.000Z,,2023-08-23T03:38:38.636Z
ethereum-classic,etc,Ethereum Classic,https://assets.coingecko.com/coins/images/453/large/ethereum-classic-logo.png?1547034169,15.6,2226753763,29,3289045000.0,76086896.0,15.79,15.09,-0.12053474216641114,-0.76651,-19543983.399178505,-0.87005,142648403.375261,210700000.0,210700000.0,167.09,-90.63855,2021-05-06T18:34:22.133Z,0.615038,2443.19533,2016-07-25T00:00:00.000Z,"{'times': 33.67677946354982, 'currency': 'usd', 'percentage': 3367.6779463549824}",2023-08-23T03:38:37.499Z
cosmos,atom,Cosmos Hub,https://assets.coingecko.com/coins/images/1481/large/cosmos_hub.png?1555657960,7.36,2154986689,30,,124064002.0,7.49,7.14,-0.09865247456327264,-1.32202,-31771188.81471491,-1.45289,292586163.827428,,,44.45,-83.40389,2022-01-17T00:34:41.497Z,1.16,535.88525,2020-03-13T02:27:44.591Z,"{'times': 72.63627341707458, 'currency': 'usd', 'percentage': 7263.627341707458}",2023-08-23T03:38:37.670Z
hedera-hashgraph,hbar,Hedera,https://assets.coingecko.com/coins/images/3688/large/hbar.png?1637045634,0.059025,1953857959,31,2952942522.0,80266020.0,0.063578,0.057612,-0.002853361436864897,-4.61124,-81982059.34946012,-4.02694,33083237217.6115,50000000000.0,50000000000.0,0.569229,-89.57775,2021-09-15T10:40:28.318Z,0.00986111,501.62029,2020-01-02T17:30:24.852Z,,2023-08-23T03:38:36.102Z
internet-computer,icp,Internet Computer,https://assets.coingecko.com/coins/images/14495/large/Internet_Computer_logo.png?1620703073,3.44,1513259401,32,1607592569.0,24442472.0,3.52,3.3,-0.06740893153548466,-1.92456,-34985912.92311525,-2.25971,441680355.730472,503978463.600546,469213710.0,700.65,-99.51048,2021-05-10T16:05:53.653Z,3.3,3.79979,2023-08-22T20:06:17.794Z,,2023-08-23T03:38:38.769Z
filecoin,fil,Filecoin,https://assets.coingecko.com/coins/images/12817/large/filecoin.png?1602753933,3.4,1504393460,33,6661052602.0,84662998.0,3.41,3.28,-0.004739218923711431,-0.13936,-3839197.1354670525,-0.25455,442998022.0,1961476971.0,1961476971.0,236.84,-98.56566,2021-04-01T13:29:41.564Z,2.64,28.63106,2022-12-16T22:45:28.552Z,,2023-08-23T03:38:41.544Z
quant-network,qnt,Quant,https://assets.coingecko.com/coins/images/3370/large/5ZOu7brX_400x400.jpg?1612437252,100.26,1459877089,34,1466734417.0,15095294.0,100.59,98.03,0.53645,0.53793,7020231.0,0.4832,14544176.164091088,14612493.0,14612493.0,427.42,-76.50653,2021-09-11T09:15:00.668Z,0.215773,46437.88039,2018-08-23T00:00:00.000Z,"{'times': 25.405175902360686, 'currency': 'eth', 'percentage': 2540.5175902360684}",2023-08-23T03:38:41.564Z
lido-dao,ldo,Lido DAO,https://assets.coingecko.com/coins/images/13573/large/Lido_DAO.png?1609873644,1.63,1438330153,35,1635967016.0,69546253.0,1.65,1.56,0.00881911,0.54297,9594686.0,0.67155,879192635.52249,1000000000.0,1000000000.0,7.3,-77.58698,2021-08-20T08:35:20.158Z,0.40615,303.00267,2022-06-18T20:55:12.035Z,,2023-08-23T03:38:41.816Z
mantle,mnt,Mantle,https://assets.coingecko.com/coins/images/30980/large/token-logo.png?1689320029,0.421245,1362896932,36,2620682281.0,10929640.0,0.424717,0.419176,-0.001805600847983924,-0.4268,-6999471.423846006,-0.51095,3234382070.76314,6219316794.99,6219316794.99,0.600075,-29.80056,2023-07-20T22:39:30.228Z,0.419176,0.49467,2023-08-22T22:30:52.502Z,,2023-08-23T03:38:18.331Z
crypto-com-chain,cro,Cronos,https://assets.coingecko.com/coins/images/7310/large/cro_token_logo.png?1669699773,0.051435,1350091580,37,1544233647.0,4698190.0,0.052328,0.050995,-0.000622616724854357,-1.19601,-16823195.33053422,-1.23074,26228380316.3717,30000000000.0,,0.965407,-94.66506,2021-11-24T15:53:54.855Z,0.0121196,324.96386,2019-02-08T00:00:00.000Z,,2023-08-23T03:38:36.952Z
aptos,apt,Aptos,https://assets.coingecko.com/coins/images/26455/large/aptos_round.png?1666839629,5.89,1334131265,38,6185193052.0,74682538.0,5.95,5.64,-0.04592842138598918,-0.77383,-12845451.242568254,-0.95365,226766687.039947,1051317643.28824,,19.92,-70.41959,2023-01-26T14:25:17.390Z,3.08,91.32877,2022-12-29T21:35:14.796Z,,2023-08-23T03:38:40.085Z
arbitrum,arb,Arbitrum,https://assets.coingecko.com/coins/images/16547/large/photo_2023-03-29_21.47.00.jpeg?1680097630,0.981493,1253099185,39,9828228902.0,172783103.0,1.004,0.944166,-0.012802976348645249,-1.28764,-15112227.880631447,-1.19162,1275000000.0,10000000000.0,10000000000.0,8.67,-88.65397,2023-03-23T13:10:03.106Z,0.912886,7.79777,2023-06-15T07:25:14.752Z,,2023-08-23T03:38:43.762Z
vechain,vet,VeChain,https://assets.coingecko.com/coins/images/1167/large/VET_Token_Icon.png?1680067517,0.01607456,1168464932,40,1393403641.0,27385239.0,0.01616494,0.01560389,3.398e-05,0.21182,2479515.0,0.21265,72714516834.0,85985041177.0,86712634466.0,0.280991,-94.27573,2021-04-19T01:08:21.675Z,0.00191713,738.99714,2020-03-13T02:29:59.652Z,"{'times': 2.445814059862879, 'currency': 'eth', 'percentage': 244.58140598628788}",2023-08-23T03:38:42.957Z
optimism,op,Optimism,https://assets.coingecko.com/coins/images/25244/large/Optimism.png?1660904599,1.58,1135213372,41,6802907369.0,147545512.0,1.59,1.5,0.056449,3.70068,42934011.0,3.93068,716708907.0,4294967296.0,4294967296.0,3.22,-50.83924,2023-02-24T20:20:00.509Z,0.402159,294.00911,2022-06-18T20:54:52.178Z,,2023-08-23T03:38:39.669Z
near,near,NEAR Protocol,https://assets.coingecko.com/coins/images/10365/large/near.jpg?1683515160,1.15,1082463191,42,1149512511.0,77082280.0,1.17,1.098,0.01917828,1.69635,14847579.0,1.39072,941671517.686093,1000000000.0,,20.44,-94.36923,2022-01-16T22:09:45.873Z,0.526762,118.47095,2020-11-04T16:09:15.137Z,,2023-08-23T03:38:40.097Z
maker,mkr,Maker,https://assets.coingecko.com/coins/images/1364/large/Mark_Maker.png?1585191826,1031.54,930895807,43,1038584316.0,70667966.0,1116.21,1002.91,-70.75517376883045,-6.41887,-61994258.17478669,-6.24382,901310.9472893132,977631.036950888,1005577.0,6292.31,-83.56526,2021-05-03T21:54:29.333Z,168.36,514.24344,2020-03-16T20:52:36.527Z,,2023-08-23T03:38:40.901Z
rocket-pool-eth,reth,Rocket Pool ETH,https://assets.coingecko.com/coins/images/20764/large/reth.png?1637652366,1782.92,895118950,44,895118950.0,12465066.0,1819.75,1751.37,-30.01540035413177,-1.65562,-16013880.615555406,-1.75758,502516.212487985,502516.212487985,,4814.31,-62.93491,2021-12-01T08:03:50.749Z,887.26,101.11597,2022-06-18T20:55:45.957Z,,2023-08-23T03:38:34.794Z
the-graph,grt,The Graph,https://assets.coingecko.com/coins/images/13397/large/Graph_Token.png?1608145566,0.090514,828652439,45,904690045.0,32036197.0,0.092204,0.087019,-0.001483760085202679,-1.61282,-14740652.729224205,-1.74778,9159517606.66747,10000000000.0,,2.84,-96.80919,2021-02-12T07:28:45.775Z,0.052051,74.18867,2022-11-22T10:05:03.503Z,,2023-08-23T03:38:38.510Z
kaspa,kas,Kaspa,https://assets.coingecko.com/coins/images/25751/large/kaspa-icon-exchanges.png?1653891958,0.04043456,820408836,46,1160804865.0,12726147.0,0.04287494,0.03880543,-0.001834561299925715,-4.34019,-37277258.004915595,-4.34626,20286818006.918,20286733278.1952,28704026601.0,0.051714,-21.92612,2023-08-06T12:10:40.416Z,0.00017105,23504.35297,2022-05-26T14:42:59.316Z,,2023-08-23T03:38:44.062Z
aave,aave,Aave,https://assets.coingecko.com/coins/images/12645/large/AAVE.png?1601374110,55.62,807096317,47,889211547.0,72098362.0,55.61,52.8,0.478913,0.86856,5197508.0,0.64815,14522462.19364404,16000000.0,16000000.0,661.69,-91.60186,2021-05-18T21:19:59.514Z,26.02,113.53931,2020-11-05T09:20:11.928Z,,2023-08-23T03:38:40.240Z
frax,frax,Frax,https://assets.coingecko.com/coins/images/13422/large/FRAX_icon.png?1679886922,0.99927,806000737,48,806000737.0,5550194.0,1.005,0.994297,0.00098323,0.09849,288235.0,0.03577,806723780.559441,806723780.559441,,1.14,-12.33825,2021-02-07T12:55:35.766Z,0.874536,14.31651,2023-03-11T07:50:39.316Z,,2023-08-23T03:38:32.167Z
whitebit,wbt,WhiteBIT Coin,https://assets.coingecko.com/coins/images/27045/large/wbt_token.png?1667923752,5.37,774188600,49,2148755387.0,8823588.0,5.4,5.31,0.064296,1.21142,9033778.0,1.18065,144118517.10815412,368493247.0,400000000.0,14.64,-63.30556,2022-10-28T12:32:18.119Z,3.06,75.51464,2023-02-13T19:01:21.899Z,,2023-08-23T03:38:21.886Z
algorand,algo,Algorand,https://assets.coingecko.com/coins/images/4380/large/download.png?1547039725,0.096743,756965211,50,967099082.0,30106791.0,0.097768,0.093548,0.00048577,0.50466,1595077.0,0.21116,7827173298.74385,7827173303.06885,10000000000.0,3.56,-97.27978,2019-06-20T14:51:19.480Z,0.090561,6.96787,2023-08-17T21:51:08.443Z,"{'times': -0.9596902601824463, 'currency': 'usd', 'percentage': -95.96902601824463}",2023-08-23T03:38:39.211Z
xdce-crowd-sale,xdc,XDC Network,https://assets.coingecko.com/coins/images/2912/large/xdc-icon.png?1633700890,0.054058,748456918,51,2044666618.0,12441623.0,0.055816,0.052783,-0.001179598895653507,-2.13549,-16561017.39328885,-2.16479,13858069966.05,37858068190.05,,0.192754,-71.98576,2021-08-21T04:39:48.324Z,0.00039532,13559.53297,2019-07-22T00:00:00.000Z,"{'times': 3.4027973707129986, 'currency': 'eth', 'percentage': 340.27973707129985}",2023-08-23T03:38:41.172Z
usdd,usdd,USDD,https://assets.coingecko.com/coins/images/25380/large/UUSD.jpg?1651823371,0.997902,723668189,52,,26408669.0,1.002,0.992974,0.00069674,0.06987,-200490.59420454502,-0.0277,725333022.705441,,,1.044,-4.47576,2022-11-09T09:56:06.131Z,0.928067,7.44792,2022-06-19T16:15:11.558Z,,2023-08-23T03:38:35.448Z
elrond-erd-2,egld,MultiversX,https://assets.coingecko.com/coins/images/12335/large/egld-token-logo.png?1673490885,26.14,676267465,53,821337227.0,18740756.0,26.67,25.44,-0.37310326600521293,-1.40719,-10692628.220284343,-1.55651,25867047.0,25872199.0,31415926.0,545.64,-95.19544,2021-11-23T10:33:26.737Z,6.51,302.90355,2020-10-07T01:44:53.554Z,,2023-08-23T03:38:40.410Z
havven,snx,Synthetix Network,https://assets.coingecko.com/coins/images/3406/large/SNX.png?1598631139,2.08,670271326,54,671777587.0,23264870.0,2.11,2.01,0.01031227,0.49794,1596267.0,0.23872,322131898.13952357,322855806.088774,322855806.088774,28.53,-92.70177,2021-02-14T01:12:38.505Z,0.0347864,5886.10846,2019-01-06T00:00:00.000Z,"{'times': 3.162577015138264, 'currency': 'usd', 'percentage': 316.2577015138264}",2023-08-23T03:38:40.941Z
the-sandbox,sand,The Sandbox,https://assets.coingecko.com/coins/images/12129/large/sandbox_logo.jpg?1597397942,0.323632,665933570,55,970780755.0,47027201.0,0.32639,0.313452,-0.000762405220654128,-0.23502,-2662641.0277695656,-0.39824,2057931926.2233226,3000000000.0,3000000000.0,8.4,-96.13768,2021-11-25T06:04:40.957Z,0.02897764,1019.17824,2020-11-04T15:59:14.441Z,,2023-08-23T03:38:40.789Z
blockstack,stx,Stacks,https://assets.coingecko.com/coins/images/2069/large/Stacks_logo_full.png?1604112510,0.467187,653383421,56,848524350.0,8544135.0,0.474195,0.451487,-0.004256290680359321,-0.90282,-7512508.886298895,-1.13672,1399902146.3546,1818000000.0,1818000000.0,3.39,-86.21871,2021-12-01T01:32:34.725Z,0.04559639,924.50121,2020-03-13T02:29:26.415Z,"{'times': 2.8932240997892418, 'currency': 'usd', 'percentage': 289.32240997892416}",2023-08-23T03:38:37.129Z
tezos,xtz,Tezos,https://assets.coingecko.com/coins/images/976/large/Tezos-logo.png?1547034862,0.69372,652973290,57,,17906061.0,0.694995,0.663298,-0.000182131227624116,-0.02625,-224927.58965849876,-0.03443,941589352.824645,,,9.12,-92.39175,2021-10-04T00:41:18.025Z,0.350476,97.89452,2018-12-07T00:00:00.000Z,"{'times': 0.4760004496140347, 'currency': 'usd', 'percentage': 47.60004496140347}",2023-08-23T03:38:39.220Z
eos,eos,EOS,https://assets.coingecko.com/coins/images/738/large/eos-eos-logo.png?1547034481,0.578467,646279068,58,,99341674.0,0.581864,0.55856,-0.000563898457749068,-0.09739,-1735120.593994975,-0.26776,1117612238.6238,,,22.71,-97.45254,2018-04-29T07:50:33.540Z,0.5024,15.15955,2017-10-23T00:00:00.000Z,"{'times': -0.41568999575268917, 'currency': 'usd', 'percentage': -41.56899957526892}",2023-08-23T03:38:34.890Z
axie-infinity,axs,Axie Infinity,https://assets.coingecko.com/coins/images/13029/large/axie_infinity_logo.png?1604471082,4.88,638954599,59,1316610192.0,19436259.0,4.94,4.72,-0.001530164952616708,-0.03137,-1745983.051437974,-0.27251,131031753.30627233,270000000.0,270000000.0,164.9,-97.03756,2021-11-06T19:29:29.482Z,0.123718,3848.49384,2020-11-06T08:05:43.662Z,,2023-08-23T03:38:36.134Z
immutable-x,imx,ImmutableX,https://assets.coingecko.com/coins/images/17233/large/immutableX-symbol-BLK-RGB.png?1665110648,0.567863,638415111,60,1136585882.0,20431534.0,0.600315,0.557242,-0.028905571338098787,-4.84368,-32985034.741309047,-4.91287,1123390886.9500241,2000000000.0,2000000000.0,9.52,-94.01219,2021-11-26T01:03:01.536Z,0.378055,50.78122,2022-12-31T07:36:37.649Z,,2023-08-23T03:38:39.496Z
theta-token,theta,Theta Network,https://assets.coingecko.com/coins/images/2538/large/theta-token-logo.png?1548387191,0.62332,622974061,61,622974061.0,7865196.0,0.62494,0.599019,0.00464102,0.75015,3120835.0,0.50348,1000000000.0,1000000000.0,1000000000.0,15.72,-96.03324,2021-04-16T13:15:11.190Z,0.04039979,1443.48082,2020-03-13T02:24:16.483Z,"{'times': 3.155467898801519, 'currency': 'usd', 'percentage': 315.5467898801519}",2023-08-23T03:38:40.578Z
injective-protocol,inj,Injective,https://assets.coingecko.com/coins/images/12882/large/Secondary_Symbol.png?1628233237,7.36,615839704,62,735282215.0,32253237.0,7.48,7.1,-0.06918252010985348,-0.93148,-7549580.824068427,-1.21105,83755555.66,100000000.0,100000000.0,24.89,-70.44184,2021-04-30T00:33:02.969Z,0.657401,1019.10219,2020-11-03T16:19:30.576Z,,2023-08-23T03:38:40.008Z
bitget-token,bgb,Bitget Token,https://assets.coingecko.com/coins/images/11610/large/icon_colour.png?1690515455,0.42067,588777024,63,841109433.0,10898303.0,0.423836,0.419738,-0.002197107666405351,-0.51957,-3157057.32478559,-0.53335,1400001000.0,2000000000.0,2000000000.0,0.515471,-18.43985,2023-02-16T08:52:49.445Z,0.0142795,2844.21395,2020-06-25T04:17:05.895Z,,2023-08-23T03:38:43.427Z
bitcoin-cash-sv,bsv,Bitcoin SV,https://assets.coingecko.com/coins/images/6799/large/BSV.png?1558947902,30.42,586363919,64,639135955.0,17122975.0,30.93,30.04,-0.32363325889540207,-1.0527,-6414947.7052464485,-1.08218,19266076.644239,21000000.0,21000000.0,489.75,-93.78096,2021-04-16T17:09:04.630Z,21.43,42.09494,2023-06-10T04:32:12.266Z,,2023-08-23T03:38:35.377Z
fantom,ftm,Fantom,https://assets.coingecko.com/coins/images/4001/large/Fantom_round.png?1669652346,0.201378,564528641,65,639544586.0,67074790.0,0.20403,0.193837,-0.0015998536830793,-0.78819,-6473048.597658396,-1.13363,2802585581.90107,3175000000.0,3175000000.0,3.46,-94.16819,2021-10-28T05:19:39.845Z,0.00190227,10502.98569,2020-03-13T02:25:38.280Z,"{'times': 5.712600161028426, 'currency': 'usd', 'percentage': 571.2600161028427}",2023-08-23T03:38:37.448Z
decentraland,mana,Decentraland,https://assets.coingecko.com/coins/images/878/large/decentraland-mana.png?1550108745,0.302717,557452780,66,663705938.0,55432411.0,0.305827,0.291119,0.00223979,0.74541,2802400.0,0.50526,1842071682.33932,2193179327.32015,2193179327.32015,5.85,-94.82038,2021-11-25T10:04:18.534Z,0.00923681,3180.90152,2017-10-31T00:00:00.000Z,"{'times': 14.13584176042576, 'currency': 'usd', 'percentage': 1413.584176042576}",2023-08-23T03:38:41.819Z
radix,xrd,Radix,https://assets.coingecko.com/coins/images/4374/large/Radix.png?1629701658,0.054395,557103657,67,1305851749.0,1874295.0,0.055361,0.053647,0.0006965,1.29706,6792507.0,1.2343,10238901754.4637,12638901756.8364,24000000000.0,0.651264,-91.63991,2021-11-14T16:09:27.130Z,0.03145312,73.10278,2022-11-29T23:20:09.754Z,,2023-08-23T03:38:40.911Z
apecoin,ape,ApeCoin,https://assets.coingecko.com/coins/images/24383/large/apecoin.jpg?1647476455,1.49,550806831,68,1494346638.0,76608752.0,1.54,1.45,-0.02444079672739674,-1.61049,-9432929.858737588,-1.68373,368593750.0,1000000000.0,1000000000.0,26.7,-94.3998,2022-04-28T21:44:21.164Z,1.45,3.0795,2023-08-22T18:21:27.965Z,,2023-08-23T03:38:37.409Z
gatechain-token,gt,Gate,https://assets.coingecko.com/coins/images/8183/large/gate.png?1687143308,3.87,531893914,69,1161614564.0,288518.0,3.92,3.86,-0.0130579680201941,-0.33604,-2036728.4863770008,-0.38146,137367573.56752193,300000000.0,,12.94,-70.07451,2021-05-12T11:39:16.531Z,0.25754,1403.80963,2020-03-13T02:18:02.481Z,,2023-08-23T03:37:42.608Z
flex-coin,flex,FLEX Coin,https://assets.coingecko.com/coins/images/9108/large/coinflex_logo.png?1628750583,5.37,528273414,70,528652633.0,82224.0,5.83,4.94,-0.2663001110975962,-4.72599,-34549386.628759086,-6.13859,98664938.6988896,98735764.894,98735764.894,12.32,-56.62108,2023-08-07T01:49:53.752Z,0.00047299,1129917.35669,2020-08-04T11:18:39.614Z,,2023-08-23T03:38:43.705Z
render-token,rndr,Render,https://assets.coingecko.com/coins/images/11636/large/rndr.png?1638840934,1.38,513987748,71,733890201.0,16890679.0,1.41,1.34,-0.008256905988763387,-0.59411,-3048644.3604741096,-0.58964,371908453.108796,531024271.388796,531024271.388796,8.78,-84.22096,2021-11-21T10:03:19.097Z,0.03665669,3680.68541,2020-06-16T13:22:25.900Z,,2023-08-23T03:38:42.761Z
paxos-standard,usdp,Pax Dollar,https://assets.coingecko.com/coins/images/6013/large/Pax_Dollar.png?1629877204,1.001,508789921,72,508789921.0,2685396.0,1.005,0.994893,0.00095149,0.09517,731301.0,0.14394,508796841.120683,508796841.120683,,1.13,-11.25439,2018-10-15T07:09:12.459Z,0.863529,15.89209,2021-05-19T13:14:42.046Z,"{'times': 0.000696127840516, 'currency': 'usd', 'percentage': 0.0696127840516}",2023-08-23T03:38:36.047Z
gala,gala,GALA,https://assets.coingecko.com/coins/images/12493/large/GALA-COINGECKO.png?1600233435,0.01958316,500392099,73,979327223.0,495850795.0,0.01958748,0.01855466,0.00027925,1.44659,7116440.0,1.44269,25547747868.5252,25547262243.0672,50000000000.0,0.824837,-97.6265,2021-11-26T01:03:48.731Z,0.00013475,14428.80296,2020-12-28T08:46:48.367Z,,2023-08-23T03:38:37.693Z
neo,neo,NEO,https://assets.coingecko.com/coins/images/480/large/NEO_512_512.png?1594357361,7.08,498776480,74,707183440.0,20314053.0,7.14,6.78,-0.010927296492202032,-0.15419,-1782832.7719465494,-0.35617,70530000.0,100000000.0,,198.38,-96.43465,2018-01-15T00:00:00.000Z,0.078349,8927.49436,2016-10-21T00:00:00.000Z,"{'times': 195.55238816184095, 'currency': 'usd', 'percentage': 19555.238816184094}",2023-08-23T03:38:42.856Z
rollbit-coin,rlb,Rollbit Coin,https://assets.coingecko.com/coins/images/24552/large/unziL6wO_400x400.jpg?1648134494,0.150461,495146125,75,750915060.0,13029267.0,0.163991,0.136821,-0.0087653138744295,-5.50493,-29891140.97972697,-5.69315,3296951621.59,3296951622.0,5000000000.0,0.213089,-29.68298,2023-08-12T14:31:00.633Z,0.00093506,15924.45009,2022-07-02T02:46:34.730Z,,2023-08-23T03:38:17.795Z
kava,kava,Kava,https://assets.coingecko.com/coins/images/9761/large/kava.png?1663638871,0.689547,490941184,76,490938038.0,11927611.0,0.700849,0.663261,-0.010070719300122157,-1.43946,-6412855.928031564,-1.28939,712899412.0,712894844.0,,9.12,-92.43657,2021-08-30T11:10:02.948Z,0.287137,140.23468,2020-03-13T02:24:16.835Z,,2023-08-23T03:38:35.972Z
thorchain,rune,THORChain,https://assets.coingecko.com/coins/images/6595/large/Rune200x200.png?1671179394,1.58,474675070,77,789281983.0,142716352.0,1.74,1.54,-0.16043624268931778,-9.23065,-47788304.15189302,-9.14673,300700561.0,500000000.0,500000000.0,20.87,-92.40092,2021-05-19T00:30:09.436Z,0.00851264,18528.09227,2019-09-28T00:00:00.000Z,"{'times': 40.51697056830302, 'currency': 'usd', 'percentage': 4051.6970568303027}",2023-08-23T03:38:42.423Z
flow,flow,Flow,https://assets.coingecko.com/coins/images/13446/large/5f6294c0c7a8cda55cb1c936_Flow_Wordmark.png?1631696776,0.455479,471941901,78,660708183.0,20825513.0,0.463734,0.44046,-0.001238942586364922,-0.27127,-2926451.6431947947,-0.61627,1036200000.0,1450656993.87114,1450656993.87114,42.4,-98.92343,2021-04-05T13:49:10.098Z,0.431078,5.88221,2023-08-17T22:15:05.867Z,,2023-08-23T03:38:40.260Z
pax-gold,paxg,PAX Gold,https://assets.coingecko.com/coins/images/9519/large/paxgold.png?1687143101,1891.43,471171087,79,471171087.0,7702097.0,1894.15,1878.24,12.08,0.64251,2708784.0,0.57823,249149.609,249149.609,,2241.37,-15.5933,2021-05-17T19:02:29.657Z,1399.64,35.16789,2019-11-18T03:09:35.959Z,,2023-08-23T03:38:42.154Z
tether-gold,xaut,Tether Gold,https://assets.coingecko.com/coins/images/10481/large/Tether_Gold.png?1668148656,1901.84,468589315,80,468589315.0,4401385.0,1927.24,1892.49,-3.257441672535606,-0.17099,-1806745.3399210572,-0.38409,246524.33,246524.33,,2169.74,-12.37323,2023-03-15T20:36:21.941Z,1447.84,31.31782,2020-03-19T13:45:41.821Z,,2023-08-23T03:38:43.282Z
kucoin-shares,kcs,KuCoin,https://assets.coingecko.com/coins/images/1047/large/sa9z79.png?1610678720,4.82,466356683,81,695357598.0,515734.0,4.87,4.78,-0.022547509937992594,-0.46518,-2904406.67241621,-0.61893,96732986.425851,144232986.425767,,28.83,-83.26196,2021-12-01T15:09:35.541Z,0.342863,1307.43063,2019-02-07T00:00:00.000Z,,2023-08-23T03:38:38.781Z
ecash,xec,eCash,https://assets.coingecko.com/coins/images/16646/large/Logo_final-22.png?1628239446,2.389e-05,464552389,82,500859043.0,3379260.0,2.401e-05,2.31e-05,1.0334e-08,0.04328,-3046399.348982215,-0.6515,19477735923093.0,21000000000000.0,21000000000000.0,0.00038001,-93.72237,2021-09-04T17:09:31.137Z,1.847e-05,29.16053,2021-07-20T20:49:46.212Z,,2023-08-23T03:38:39.122Z
rocket-pool,rpl,Rocket Pool,https://assets.coingecko.com/coins/images/2090/large/rocket_pool_%28RPL%29.png?1637662441,23.63,463805476,83,463805476.0,3465877.0,25.01,23.4,-1.315749800858999,-5.2754,-25872492.328809857,-5.28357,19620795.3927166,19620795.3927166,,61.9,-61.79773,2023-04-16T19:20:19.534Z,0.00884718,267176.34065,2018-08-28T00:00:00.000Z,,2023-08-23T03:38:37.174Z
compound-ether,ceth,cETH,https://assets.coingecko.com/coins/images/10643/large/ceth.png?1687143191,32.83,462212878,84,462212878.0,4941.88,33.47,32.25,-0.5967009685481983,-1.78536,-7057819.812871933,-1.504,14081066.6856868,14081066.6856868,,97.75,-66.41949,2021-11-21T12:39:57.508Z,1.89,1640.19713,2020-03-13T02:22:33.711Z,,2023-08-23T03:00:04.803Z
pepe,pepe,Pepe,https://assets.coingecko.com/coins/images/29850/large/pepe-token.jpeg?1682922725,1.07e-06,450312792,85,450312792.0,58390070.0,1.09e-06,1.03e-06,-9.961509306e-09,-0.92359,-6689618.943223178,-1.4638,420690000000000.0,420690000000000.0,420690000000000.0,4.31e-06,-75.14455,2023-05-05T16:50:45.302Z,5.5142e-08,1841.42253,2023-04-18T02:14:41.591Z,,2023-08-23T03:38:36.689Z
klay-token,klay,Klaytn,https://assets.coingecko.com/coins/images/9672/large/klaytn.png?1660288824,0.137669,439622930,86,,5692474.0,0.140093,0.134192,-0.002114879207050585,-1.51296,-7470933.781358421,-1.671,3193244368.0609,,,4.34,-96.82503,2021-03-30T03:44:28.828Z,0.06044,127.92883,2020-04-29T08:19:34.574Z,,2023-08-23T03:38:36.757Z
chiliz,chz,Chiliz,https://assets.coingecko.com/coins/images/8834/large/CHZ_Token_updated.png?1675848257,0.062719,437299487,87,557239559.0,29835515.0,0.064613,0.060712,-0.000910935962250739,-1.43162,-7163003.1100075245,-1.61161,6975647158.46,8888888888.0,8888888888.0,0.878633,-92.86242,2021-03-13T08:04:21.200Z,0.00410887,1426.28534,2019-09-28T00:00:00.000Z,"{'times': 1.8508565276718127, 'currency': 'usd', 'percentage': 185.08565276718127}",2023-08-23T03:38:40.075Z
frax-share,fxs,Frax Share,https://assets.coingecko.com/coins/images/13423/large/Frax_Shares_icon.png?1679886947,5.72,418344697,88,570294341.0,25991563.0,6.13,5.49,-0.3678398972262489,-6.03832,-28387687.76917684,-6.35452,73122284.5543135,99681495.5911336,99681495.5911336,42.8,-86.62624,2022-01-12T15:22:27.465Z,1.5,280.79365,2021-06-25T16:50:51.447Z,,2023-08-23T03:38:39.756Z
sui,sui,Sui,https://assets.coingecko.com/coins/images/26375/large/sui_asset.jpeg?1683114182,0.565303,413822641,89,5722404278.0,192998166.0,0.574874,0.50956,0.053026,10.35098,43797945.0,11.83649,723162190.461538,10000000000.0,10000000000.0,2.16,-73.54712,2023-05-03T12:00:26.430Z,0.462847,23.59329,2023-08-17T22:50:06.690Z,,2023-08-23T03:38:36.623Z
frax-ether,frxeth,Frax Ether,https://assets.coingecko.com/coins/images/28284/large/frxETH_icon.png?1679886981,1631.16,413022303,90,413022303.0,2753202.0,1664.29,1600.66,-29.534774164712644,-1.77846,-7595890.936427414,-1.80589,253314.329429792,253314.329429792,,2134.61,-23.56289,2023-04-16T19:24:52.171Z,1137.25,43.4723,2022-11-23T02:25:33.267Z,,2023-08-23T03:38:40.809Z
casper-network,cspr,Casper Network,https://assets.coingecko.com/coins/images/15279/large/casper.PNG?1620341020,0.0356578,401456683,91,426043652.0,3600106.0,0.03619576,0.03442821,0.0004418,1.25453,4292907.0,1.08089,11265774737.0,11955740232.0,,1.33,-97.30992,2021-05-12T00:00:00.000Z,0.02241297,59.08419,2022-06-18T20:14:44.694Z,,2023-08-23T03:38:43.597Z
curve-dao-token,crv,Curve DAO,https://assets.coingecko.com/coins/images/12124/large/Curve.png?1597369484,0.469354,401165145,92,1548347177.0,67721673.0,0.480651,0.44334,-0.003820488598507532,-0.80742,-5192915.602304876,-1.27792,855790386.0,2000086196.93984,3303030299.0,15.37,-96.94219,2020-08-14T00:00:00.000Z,0.331577,41.76179,2020-11-05T13:09:50.181Z,,2023-08-23T03:38:36.790Z
iota,miota,IOTA,https://assets.coingecko.com/coins/images/692/large/IOTA_Swirl.png?1604238557,0.143726,399451316,93,399451316.0,5930061.0,0.144326,0.139437,0.00089348,0.62554,2144399.0,0.53973,2779530283.277761,2779530283.0,,5.25,-97.25946,2017-12-19T00:00:00.000Z,0.081637,76.19962,2020-03-13T02:22:41.168Z,"{'times': 3.124471872252889, 'currency': 'btc', 'percentage': 312.44718722528887}",2023-08-23T03:38:36.701Z
bittorrent,btt,BitTorrent,https://assets.coingecko.com/coins/images/22457/large/btt_logo.png?1643857231,4.12443e-07,392223658,94,408127559.0,25098845.0,4.15236e-07,4.04477e-07,-1.995892778e-09,-0.48159,-2160959.3064923882,-0.54793,951421714286000.0,990000000000000.0,990000000000000.0,3.43e-06,-87.97478,2022-01-21T04:00:31.909Z,4.04477e-07,2.0147,2023-08-22T21:30:58.414Z,,2023-08-23T03:38:44.527Z
tokenize-xchange,tkx,Tokenize Xchange,https://assets.coingecko.com/coins/images/4984/large/TKX_-_Logo_-_RGB-15.png?1672912391,4.81,384790714,95,481012443.0,5821084.0,4.9,4.77,-0.059007354449759575,-1.21133,-4143917.682634115,-1.06545,79995999.94518414,100000000.0,100000000.0,22.3,-78.42605,2022-10-31T10:23:59.455Z,0.111255,4223.57378,2019-04-28T00:00:00.000Z,"{'times': 15.565565698568781, 'currency': 'usd', 'percentage': 1556.5565698568782}",2023-08-23T03:38:23.737Z
huobi-token,ht,Huobi,https://assets.coingecko.com/coins/images/2822/large/huobi-token-logo.png?1547036992,2.39,381107818,96,480670048.0,14658007.0,2.41,2.37,-0.01741426326653306,-0.723,-2369098.8271155357,-0.61779,159406077.0,201050000.0,201050000.0,39.66,-93.97203,2021-05-12T14:42:21.586Z,0.3138,661.86761,2023-03-10T05:05:00+08:00,"{'times': 1.415336774367501, 'currency': 'usd', 'percentage': 141.5336774367501}",2023-08-23T03:38:35.457Z
mina-protocol,mina,Mina Protocol,https://assets.coingecko.com/coins/images/15628/large/JM4_vQ34_400x400.png?1621394004,0.397476,379950244,97,423984198.0,6812152.0,0.401772,0.386245,-0.00169242619956711,-0.42399,-1899190.2381920815,-0.49737,955397352.840039,1066122172.84004,,9.09,-95.62183,2021-06-01T01:42:37.064Z,0.372282,6.90572,2023-08-17T21:49:55.138Z,,2023-08-23T03:38:39.298Z
terra-luna,lunc,Terra Luna Classic,https://assets.coingecko.com/coins/images/8284/large/01_LunaClassic_color.png?1653547790,6.489e-05,377443902,98,443928955.0,18129921.0,6.625e-05,6.168e-05,-1.324999965523e-06,-2.00112,-6906704.601214349,-1.79698,5814059035347.6,6838179488614.6,,119.18,-99.99995,2022-04-05T12:24:58.854Z,9.99967e-07,6407.11588,2022-05-13T02:34:40.340Z,,2023-08-23T03:38:42.100Z
gemini-dollar,gusd,Gemini Dollar,https://assets.coingecko.com/coins/images/5992/large/gemini-dollar-gusd.png?1536745278,1.0,360980526,99,360980526.0,573937.0,1.005,0.991978,-0.000486796054423699,-0.04864,-389227.1377993226,-0.10771,360992357.56,360992357.56,,3.3,-69.70728,2018-10-11T17:36:21.529Z,0.78261,27.88368,2018-09-29T00:00:00.000Z,"{'times': 0.000235197376973, 'currency': 'usd', 'percentage': 0.0235197376973}",2023-08-23T03:38:34.924Z
trust-wallet-token,twt,Trust Wallet,https://assets.coingecko.com/coins/images/11085/large/Trust.png?1588062702,0.851887,354904725,100,851805618.0,6838643.0,0.87214,0.824943,-0.016807823935483412,-1.93484,-7034214.443142474,-1.94348,416649900.0,1000000000.0,,2.72,-68.59708,2022-12-11T23:25:46.205Z,0.00277641,30675.15285,2020-06-09T09:15:06.983Z,,2023-08-23T03:38:36.503Z
dydx,dydx,dYdX,https://assets.coingecko.com/coins/images/17500/large/hjnIm9bV.jpg?1628009360,1.97,340260630,101,1965236749.0,48577495.0,1.97,1.87,0.03819153,1.97897,5571788.0,1.66477,173139765.6001538,1000000000.0,1000000000.0,27.86,-92.94249,2021-09-30T01:23:43.570Z,1.011,94.56262,2022-06-18T20:55:50.603Z,,2023-08-23T03:38:42.711Z
nexo,nexo,NEXO,https://assets.coingecko.com/coins/images/3695/large/nexo.png?1548086057,0.592337,331360809,102,591715720.0,2310378.0,0.594165,0.571147,0.00211785,0.35883,460674.0,0.13922,560000010.0064,1000000000.0,1000000000.0,4.07,-85.4082,2021-05-12T14:37:47.535Z,0.04515276,1214.62602,2018-09-13T00:00:00.000Z,"{'times': 4.92336951954772, 'currency': 'usd', 'percentage': 492.336951954772}",2023-08-23T03:38:43.795Z
akash-network,akt,Akash Network,https://assets.coingecko.com/coins/images/12785/large/akash-logo.png?1615447676,1.51,327214550,103,585110563.0,5035459.0,1.61,1.44,-0.09485337912292802,-5.92887,-20282535.566506326,-5.83675,217284774.211336,217284508.790737,388539008.0,8.07,-81.32506,2021-04-06T18:59:48.484Z,0.164994,813.97033,2022-11-21T20:30:53.727Z,,2023-08-23T03:38:42.949Z
gmx,gmx,GMX,https://assets.coingecko.com/coins/images/18323/large/arbit.png?1631532468,36.47,327037009,104,483485207.0,11919900.0,37.1,35.02,-0.27030156184977727,-0.73565,-2819957.2670152187,-0.8549,8962508.67903231,8962508.67903231,13250000.0,91.07,-59.87009,2023-04-18T10:00:25.680Z,11.53,216.86613,2022-06-15T09:30:22.146Z,,2023-08-23T03:38:36.561Z
nxm,nxm,Nexus Mutual,https://assets.coingecko.com/coins/images/11810/large/NXMmain.png?1674799570,46.94,317293903,105,317293903.0,13520.53,47.69,46.13,-0.6741250202382219,-1.41568,-4615012.6165601015,-1.43364,6758950.56125865,6758950.56125865,6758950.56125865,185.97,-74.75756,2021-11-10T15:14:14.418Z,6.96,574.20508,2020-07-22T19:54:06.406Z,,2023-08-23T02:07:01.744Z
apenft,nft,APENFT,https://assets.coingecko.com/coins/images/15687/large/apenft.jpg?1621562368,3.17477e-07,314171238,106,317307639.0,19466045.0,3.17885e-07,3.12266e-07,1.483e-09,0.46919,1213920.0,0.38789,990105683025577.0,999990000000000.0,999990000000000.0,7.53e-06,-95.78393,2021-09-05T00:10:47.823Z,2.98737e-07,6.27139,2023-06-10T04:30:05.717Z,,2023-08-23T03:38:40.447Z
compound-usd-coin,cusdc,cUSDC,https://assets.coingecko.com/coins/images/9442/large/Compound_USDC.png?1567581577,0.02299842,308930187,107,308930187.0,3.22,0.02305422,0.02296987,1.145e-08,5e-05,-9967166.389264941,-3.12551,13432668897.8226,13432668897.8226,,0.058843,-60.91589,2020-10-21T11:24:27.820Z,0.00620705,270.52071,2021-03-04T08:11:37.438Z,,2023-08-23T03:00:02.539Z
dash,dash,Dash,https://assets.coingecko.com/coins/images/19/large/dash-logo.png?1548385930,26.5,302905623,108,501864662.0,23486344.0,26.77,25.61,0.097147,0.36795,743552.0,0.24608,11419362.2806609,18920000.0,,1493.59,-98.22089,2017-12-20T00:00:00.000Z,0.213899,12322.95408,2014-02-14T00:00:00.000Z,,2023-08-23T03:38:41.141Z
flare-networks,flr,Flare,https://assets.coingecko.com/coins/images/28624/large/FLR-icon200x200.png?1673325704,0.01322623,301480323,109,1339194653.0,2535328.0,0.01333348,0.0127706,0.0001232,0.94021,4061050.0,1.36543,22790013258.5134,101234679610.605,,0.150073,-91.18276,2023-01-10T03:14:05.921Z,0.01228846,7.68065,2023-08-18T02:45:34.091Z,,2023-08-23T03:38:41.282Z
woo-network,woo,WOO Network,https://assets.coingecko.com/coins/images/12921/large/w2UiemF__400x400.jpg?1603670367,0.173053,300157700,110,389209745.0,12962093.0,0.175637,0.164569,0.0005517,0.31982,922846.0,0.3084,1735703136.07641,2250658820.90186,2250658820.90186,1.78,-90.24762,2021-11-15T13:44:18.437Z,0.02211546,684.18405,2021-01-04T10:19:13.803Z,,2023-08-23T03:38:41.977Z
compound-governance-token,comp,Compound,https://assets.coingecko.com/coins/images/10775/large/COMP.png?1592625425,42.34,290254486,111,423353056.0,63301900.0,44.95,40.58,0.01125622,0.02659,246714.0,0.08507,6856085.76329154,10000000.0,10000000.0,910.54,-95.3439,2021-05-12T02:29:08.794Z,25.74,64.70555,2023-06-10T16:15:05.289Z,,2023-08-23T03:38:41.305Z
liquity-usd,lusd,Liquity USD,https://assets.coingecko.com/coins/images/14666/large/Group_3.png?1617631327,0.999461,290201105,112,290201105.0,3659507.0,1.005,0.99088,0.00098049,0.0982,-156310.93759912252,-0.05383,290501186.989978,290501186.989978,,1.16,-13.69801,2021-04-05T14:47:52.665Z,0.896722,11.47903,2022-01-27T09:42:06.510Z,,2023-08-23T03:38:34.455Z
arweave,ar,Arweave,https://assets.coingecko.com/coins/images/4343/large/oRt6SiEN_400x400.jpg?1591059616,4.37,285504004,113,287884787.0,16060943.0,4.44,4.21,-0.022826643363242027,-0.51953,-2405535.027151227,-0.83552,65454185.5381511,65454185.5381511,66000000.0,89.24,-95.10687,2021-11-05T04:14:42.689Z,0.298788,1361.36987,2020-01-31T06:47:36.543Z,"{'times': 4.9066493781196066, 'currency': 'usd', 'percentage': 490.66493781196067}",2023-08-23T03:38:41.166Z
staked-frax-ether,sfrxeth,Staked Frax Ether,https://assets.coingecko.com/coins/images/28285/large/sfrxETH_icon.png?1679886768,1719.03,285386825,114,285386825.0,212966.0,1755.22,1684.25,-31.26249455905122,-1.78613,-5994808.807708681,-2.05737,166088.241602139,166088.241602139,,7545.09,-77.2115,2023-02-16T07:51:36.849Z,1147.58,49.82899,2022-12-23T11:50:57.675Z,,2023-08-23T03:37:24.252Z
astar,astr,Astar,https://assets.coingecko.com/coins/images/22617/large/astr.png?1642314057,0.060447,284131451,115,487614843.0,14363074.0,0.06084,0.058786,0.00012165,0.20166,-527256.2701337337,-0.18522,4722073606.0,8103830725.0,,0.421574,-85.72056,2022-01-17T13:34:36.289Z,0.03269521,84.1197,2022-10-13T13:05:41.982Z,,2023-08-23T03:38:43.189Z
zilliqa,zil,Zilliqa,https://assets.coingecko.com/coins/images/2687/large/Zilliqa-logo.png?1547036894,0.01669051,282039242,116,350358769.0,12139054.0,0.01678505,0.01612399,-8.5902633721657e-05,-0.51204,-1538331.6649635434,-0.54247,16905025941.5594,17954032130.9094,21000000000.0,0.255376,-93.45836,2021-05-06T17:33:45.940Z,0.00239616,597.18939,2020-03-13T02:22:55.161Z,"{'times': 0.20689910659038135, 'currency': 'eth', 'percentage': 20.689910659038134}",2023-08-23T03:38:39.659Z
mx-token,mx,MX,https://assets.coingecko.com/coins/images/8545/large/MEXC_GLOBAL_LOGO.jpeg?1670213280,2.75,277636684,117,1195133566.0,390851.0,2.76,2.68,0.0285825,1.04844,2719938.0,0.98937,100709834.0,433522334.0,,3.7,-25.42138,2021-12-02T00:59:40.216Z,0.04218457,6439.51212,2019-11-25T05:59:45.392Z,,2023-08-23T03:38:36.845Z
sei-network,sei,Sei,https://assets.coingecko.com/coins/images/28205/large/TKmaTqMv_400x400.jpeg?1668395911,0.152439,274473178,118,1524850989.0,121377182.0,0.156648,0.146315,-0.000259879948728586,-0.17019,-2389832.4184160233,-0.86318,1800000000.0,10000000000.0,,0.455153,-66.48116,2023-08-16T02:30:15.888Z,0.144527,5.55929,2023-08-21T16:05:30.905Z,,2023-08-23T03:38:41.427Z
bone-shibaswap,bone,Bone ShibaSwap,https://assets.coingecko.com/coins/images/16916/large/bone_icon.png?1625625505,1.19,273629451,119,297522967.0,7726540.0,1.22,1.16,0.02888833,2.48624,7111250.0,2.6682,229922965.13636875,230003022.824847,250000000.0,15.5,-92.31475,2021-07-07T02:52:33.198Z,0.0,1.3409994030027736e+37,2021-08-12T23:02:53.007Z,,2023-08-23T03:38:35.081Z
pancakeswap-token,cake,PancakeSwap,https://assets.coingecko.com/coins/images/12632/large/pancakeswap-cake-logo_%281%29.png?1629359065,1.25,267149174,120,937382414.0,29218476.0,1.28,1.22,-0.02343794159721413,-1.84073,-5134493.743936151,-1.88571,213746148.420874,389468139.66424,750000000.0,43.96,-97.15203,2021-04-30T10:08:22.934Z,0.194441,543.94948,2020-11-03T14:29:34.165Z,,2023-08-23T03:38:35.643Z
conflux-token,cfx,Conflux,https://assets.coingecko.com/coins/images/13079/large/3vuYMbjN.png?1631512305,0.125532,263383167,121,663622338.0,28610024.0,0.128213,0.121389,-0.000634241993307666,-0.5027,-2318749.932091683,-0.87269,2097547687.26523,5284997962.62513,,1.7,-92.60154,2021-03-27T03:43:35.178Z,0.02199898,472.01058,2022-12-30T08:16:30.345Z,,2023-08-23T03:38:34.773Z
first-digital-usd,fdusd,First Digital USD,https://assets.coingecko.com/coins/images/31079/large/firstfigital.jpeg?1690347713,0.999768,260445356,122,260445356.0,16835849.0,1.006,0.996789,0.00061005,0.06106,65156.0,0.02502,260547543.0,260547543.0,,1.026,-2.54516,2023-08-17T23:15:16.752Z,0.942129,6.08505,2023-08-17T21:55:41.478Z,,2023-08-23T03:38:18.798Z
basic-attention-token,bat,Basic Attention,https://assets.coingecko.com/coins/images/677/large/basic-attention-token.png?1547034427,0.173877,259527493,123,261277882.0,19177600.0,0.177004,0.168185,-9.6660007000815e-05,-0.05556,1772893.0,0.68782,1489950991.7326057,1500000000.0,1500000000.0,1.9,-90.82975,2021-11-28T00:23:51.354Z,0.072394,140.7467,2017-07-16T00:00:00.000Z,"{'times': -0.3184370242666144, 'currency': 'eth', 'percentage': -31.84370242666144}",2023-08-23T03:38:38.181Z
gnosis,gno,Gnosis,https://assets.coingecko.com/coins/images/662/large/logo_square_simple_300px.png?1609402668,99.08,256708908,124,297393418.0,1371376.0,101.05,97.48,-1.9648806177153233,-1.94454,-5099099.028415203,-1.94765,2589589.0,3000000.0,3000000.0,644.2,-84.60228,2021-11-08T17:33:29.302Z,6.88,1340.89271,2020-03-13T02:24:11.825Z,,2023-08-23T03:38:42.924Z
1inch,1inch,1inch,https://assets.coingecko.com/coins/images/13469/large/1inch-token.png?1608803028,0.244547,251894363,125,366737177.0,16123174.0,0.246291,0.234053,0.00145594,0.59893,824039.0,0.32821,1030278815.19147,1500000000.0,1500000000.0,8.65,-97.1704,2021-10-27T08:24:54.808Z,0.227729,7.49894,2023-08-17T21:45:12.499Z,,2023-08-23T03:38:41.410Z
osmosis,osmo,Osmosis,https://assets.coingecko.com/coins/images/16724/large/osmo.png?1632763885,0.406818,249756561,126,408075848.0,8994182.0,0.414501,0.399872,-0.007489043764921322,-1.80761,-4070727.732156992,-1.60374,612034655.0,325000000.0,1000000000.0,11.25,-96.37173,2022-03-04T05:12:18.707Z,0.399872,2.06958,2023-08-22T21:41:39.794Z,,2023-08-23T03:38:38.178Z
chia,xch,Chia,https://assets.coingecko.com/coins/images/15174/large/zV5K5y9f_400x400.png?1620024414,30.03,247814744,127,878433034.0,5857599.0,30.41,29.86,-0.22531365416712035,-0.74477,-2102798.2612858117,-0.8414,8252385.40174131,29252367.4011684,,1645.12,-98.17409,2021-05-15T14:24:45.107Z,26.27,14.33935,2022-06-13T09:12:42.846Z,,2023-08-23T03:38:40.596Z
oec-token,okt,OKT Chain,https://assets.coingecko.com/coins/images/13708/large/WeChat_Image_20220118095654.png?1642471094,13.81,246690505,128,290265102.0,492897.0,14.16,13.69,-0.33123091146812733,-2.34207,-5791407.883714318,-2.29379,17847480.0,17847259.5,21000000.0,250.53,-94.47875,2021-05-10T03:09:56.045Z,13.02,6.21197,2022-07-13T00:38:46.306Z,,2023-08-23T03:38:42.388Z
illuvium,ilv,Illuvium,https://assets.coingecko.com/coins/images/14468/large/logo-200x200.png?1682415398,42.87,243463993,129,411850615.0,2763514.0,44.23,41.95,-1.297186536928919,-2.93689,-7715096.126752138,-3.07155,5686651.1725856,9619700.83852445,,1911.26,-97.75617,2021-11-30T15:18:57.382Z,29.23,46.73658,2021-06-22T14:11:59.151Z,,2023-08-23T03:38:36.934Z
helium,hnt,Helium,https://assets.coingecko.com/coins/images/4284/large/Helium_HNT.png?1612620071,1.68,242247150,130,375316508.0,1323052.0,1.78,1.6,-0.09127432308650961,-5.14151,-13851162.33526209,-5.40853,143934820.830308,223000000.0,223000000.0,54.88,-96.93766,2021-11-12T23:08:25.301Z,0.113248,1383.93658,2020-04-18T00:19:10.902Z,,2023-08-23T03:38:43.595Z
enjincoin,enj,Enjin Coin,https://assets.coingecko.com/coins/images/1102/large/enjin-coin-logo.png?1547035078,0.240493,240375255,131,240375255.0,13266617.0,0.242982,0.230563,-0.000695461159099742,-0.28835,-1981557.202204913,-0.81762,1000000000.0,1000000000.0,1000000000.0,4.82,-95.00427,2021-11-25T09:53:41.955Z,0.01865964,1190.2772,2017-11-12T00:00:00.000Z,,2023-08-23T03:38:40.598Z
bitcoin-gold,btg,Bitcoin Gold,https://assets.coingecko.com/coins/images/1043/large/bitcoin-gold-logo.png?1547034978,13.64,238910302,132,286464435.0,1976241.0,13.84,13.4,-0.11943321677304297,-0.86793,-2396454.315326512,-0.99312,17513924.0,21000000.0,,456.25,-97.00973,2017-12-20T00:00:00.000Z,4.25,220.67651,2020-03-13T02:22:52.902Z,,2023-08-23T03:38:39.966Z
qtum,qtum,Qtum,https://assets.coingecko.com/coins/images/684/large/Qtum_Logo_blue_CG.png?1637155875,2.23,233369818,133,240119438.0,19559695.0,2.24,2.15,0.02323124,1.05323,2002105.0,0.86533,104791580.0,107822406.0,,100.22,-97.77796,2018-01-06T00:00:00.000Z,0.783142,184.36905,2020-03-13T02:22:57.149Z,"{'times': 6.429832125115933, 'currency': 'usd', 'percentage': 642.9832125115934}",2023-08-23T03:38:37.676Z
huobi-btc,hbtc,Huobi BTC,https://assets.coingecko.com/coins/images/12407/large/hbtc.png?1687143034,25942.0,232625918,134,232625918.0,36370.0,26200.0,25435.0,-208.32250930049486,-0.79663,-1988968.3021101356,-0.84776,8969.497004742,8969.497004742,8969.497004742,166135.0,-84.388,2022-04-21T18:59:43.859Z,10704.55,142.29854,2023-03-10T01:30:46.660Z,,2023-08-23T03:38:30.939Z
loopring,lrc,Loopring,https://assets.coingecko.com/coins/images/913/large/LRC.png?1572852344,0.183881,229332832,135,252988221.0,13759992.0,0.185252,0.177729,0.00057456,0.31344,444918.0,0.19438,1245991468.94246,1373873397.44246,1374513896.0,3.75,-95.08594,2021-11-10T14:59:53.164Z,0.01963893,838.28574,2019-12-18T13:14:41.553Z,"{'times': 2.064681923763245, 'currency': 'usd', 'percentage': 206.4681923763245}",2023-08-23T03:38:37.561Z
escoin-token,elg,Escoin,https://assets.coingecko.com/coins/images/13566/large/escoin-200.png?1609833886,2.78,228752259,136,,388015.0,2.79,2.71,0.01884719,0.68276,10734340.0,4.9236,0.0,250000000.0,,3.61,-22.90992,2022-06-24T02:40:08.448Z,0.00064644,430411.90098,2021-01-10T16:54:16.852Z,,2023-08-23T03:38:07.675Z
ecomi,omi,ECOMI,https://assets.coingecko.com/coins/images/4428/large/ECOMI.png?1557928886,0.00082796,223860646,137,619941270.0,897448.0,0.00082819,0.00078678,2.328e-05,2.89347,5412895.0,2.47789,270824822299.774,311029835317.364,750000000000.0,0.01343572,-93.89515,2021-03-19T17:20:53.999Z,3.37e-06,24232.29774,2019-11-04T10:52:42.729Z,"{'times': 2.183808242839793, 'currency': 'btc', 'percentage': 218.3808242839793}",2023-08-23T03:38:38.084Z
tether-eurt,eurt,Euro Tether,https://assets.coingecko.com/coins/images/17385/large/Tether_new.png?1683650223,1.086,223509573,138,434001689.0,1026207.0,1.098,1.082,-0.009970054392899552,-0.91001,-1171776.0863555372,-0.52153,205998829.98,400000050.0,400000050.0,1.31,-16.9624,2021-09-02T00:28:44.121Z,0.944541,14.91759,2022-09-27T16:30:27.333Z,,2023-08-23T03:38:33.774Z
nem,xem,NEM,https://assets.coingecko.com/coins/images/242/large/NEM_WC_Logo_200px.png?1642668663,0.0247211,222429333,139,222429333.0,3643963.0,0.02489406,0.02377842,-9.1719417066729e-05,-0.36965,-1260800.6002425551,-0.56364,8999999999.0,8999999999.0,,1.87,-98.67694,2018-01-07T00:00:00.000Z,8.482e-05,29047.44509,2015-09-05T00:00:00.000Z,,2023-08-23T03:38:36.665Z
convex-finance,cvx,Convex Finance,https://assets.coingecko.com/coins/images/15585/large/convex.png?1621256328,2.78,221945382,140,277723081.0,5292035.0,2.9,2.74,-0.10826946964320605,-3.74971,-9353144.036740452,-4.04375,79916073.5088917,98801767.7618273,100000000.0,60.09,-95.37366,2022-01-01T18:04:03.030Z,1.9,46.08724,2021-07-20T13:17:29.183Z,,2023-08-23T03:38:35.040Z
mask-network,mask,Mask Network,https://assets.coingecko.com/coins/images/14051/large/Mask_Network.jpg?1614050316,2.7,221489174,141,269738680.0,38882063.0,2.73,2.61,0.00143873,0.05333,-478884.11790907383,-0.21574,82112500.0,100000000.0,100000000.0,41.45,-93.48157,2021-02-24T17:42:44.637Z,0.976528,176.65292,2022-10-13T10:36:10.009Z,,2023-08-23T03:38:36.525Z
singularitynet,agix,SingularityNET,https://assets.coingecko.com/coins/images/2138/large/singularitynet.png?1548609559,0.174007,214386024,142,347892502.0,24209452.0,0.177018,0.168619,-0.001682548294423936,-0.95768,-1682736.137171626,-0.7788,1232484305.88493,1324917189.06187,2000000000.0,0.95023,-81.67119,2018-01-28T00:00:00.000Z,0.00747159,2231.04125,2020-03-13T02:24:16.528Z,"{'times': 0.740073590848072, 'currency': 'usd', 'percentage': 74.0073590848072}",2023-08-23T03:38:43.263Z
celo,celo,Celo,https://assets.coingecko.com/coins/images/11090/large/InjXBNx9_400x400.jpg?1674707499,0.419975,213916629,143,420724546.0,8314160.0,0.426502,0.408212,-0.001165386118537171,-0.27672,-350420.75814035535,-0.16354,508448178.0,1000000000.0,1000000000.0,9.82,-95.71001,2021-08-30T14:25:09.929Z,0.376843,11.80587,2023-06-10T04:31:15.287Z,,2023-08-23T03:38:37.386Z
zcash,zec,Zcash,https://assets.coingecko.com/coins/images/486/large/circle-zcash-color.png?1547034197,25.25,210177204,144,532867383.0,23794704.0,25.45,24.11,0.308631,1.23735,3060582.0,1.47771,8282963.8767144,21000000.0,21000000.0,3191.93,-99.20513,2016-10-29T00:00:00.000Z,19.75,28.43997,2020-03-13T02:20:55.002Z,,2023-08-23T03:38:42.203Z
ethereum-name-service,ens,Ethereum Name Service,https://assets.coingecko.com/coins/images/19785/large/acatxTm8_400x400.jpg?1635850140,8.02,206759413,145,801914214.0,8652026.0,8.09,7.74,0.02195859,0.27472,174078.0,0.08426,25783233.34309683,100000000.0,100000000.0,83.4,-90.37822,2021-11-11T02:20:01.099Z,7.05,13.82576,2023-06-15T17:25:58.700Z,,2023-08-23T03:38:39.340Z
fetch-ai,fet,Fetch.ai,https://assets.coingecko.com/coins/images/5681/large/Fetch.jpg?1572098136,0.197613,206631987,146,228322638.0,28868690.0,0.200245,0.187085,-0.001995713491071444,-0.99981,-2362160.646687597,-1.13025,1043462805.0,1152997575.0,1152997575.0,1.17,-83.01869,2021-09-08T02:24:24.858Z,0.00816959,2336.10887,2020-03-13T02:24:18.347Z,"{'times': 1.2792695396081752, 'currency': 'usd', 'percentage': 127.92695396081753}",2023-08-23T03:38:40.810Z
theta-fuel,tfuel,Theta Fuel,https://assets.coingecko.com/coins/images/8029/large/1_0YusgngOrriVg4ZYx4wOFQ.png?1553483622,0.03297782,206081226,147,206080943.0,1155934.0,0.03333888,0.03243823,-0.00016280345093448,-0.49125,-1424872.044252932,-0.68667,6254072577.0,6254063982.0,,0.68159,-95.1624,2021-06-09T06:50:55.818Z,0.00090804,3531.18942,2020-03-13T02:30:37.972Z,,2023-08-23T03:38:42.442Z
beldex,bdx,Beldex,https://assets.coingecko.com/coins/images/5111/large/Beldex.png?1559189036,0.03641215,203484048,148,361540240.0,2959196.0,0.03743976,0.03477095,0.001586,4.55406,9079817.0,4.67059,5582775850.01718,9919195837.53187,,137242055.0,-100.0,2020-09-02T09:13:36.882Z,0.00027519,13132.9474,2019-11-01T11:05:12.090Z,"{'times': -0.8543514128445292, 'currency': 'usd', 'percentage': -85.43514128445291}",2023-08-23T03:38:39.352Z
oasis-network,rose,Oasis Network,https://assets.coingecko.com/coins/images/13162/large/rose.png?1605772906,0.03996575,201156546,149,399964724.0,9696135.0,0.0404195,0.03872926,-0.000240477115874292,-0.59811,-1146520.1026124358,-0.56673,5029357184.0,10000000000.0,10000000000.0,0.597347,-93.29341,2022-01-15T03:31:11.062Z,0.03200566,25.17026,2020-11-26T17:09:12.182Z,,2023-08-23T03:38:43.638Z
ankr,ankr,Ankr Network,https://assets.coingecko.com/coins/images/4324/large/U85xTl2.png?1608111978,0.02004664,200320105,150,200320105.0,7480138.0,0.0201358,0.01914413,0.00035938,1.82546,2982572.0,1.51141,10000000000.0,10000000000.0,10000000000.0,0.213513,-90.60419,2021-04-16T19:44:04.474Z,0.00070728,2736.38993,2020-03-13T02:24:03.563Z,"{'times': 2.037370270976338, 'currency': 'usd', 'percentage': 203.73702709763378}",2023-08-23T03:38:41.755Z
cdai,cdai,cDAI,https://assets.coingecko.com/coins/images/9281/large/cDAI.png?1576467585,0.02237244,199584382,151,199584382.0,1525.19,0.02240473,0.02234167,7.44e-06,0.03328,-120035.7370313406,-0.06011,8920992772.70548,8920992772.70548,,0.03159087,-29.18067,2020-10-12T21:29:00.007Z,0.00728854,206.95351,2020-03-18T04:29:40.819Z,,2023-08-23T03:38:14.229Z
aleph-zero,azero,Aleph Zero,https://assets.coingecko.com/coins/images/17212/large/gtmuTVa.png?1626853180,0.829941,198228674,152,282013983.0,584665.0,0.847302,0.822461,-0.012121263037433995,-1.43947,-2911637.184697747,-1.44757,238709649.743856,339605051.658731,,3.09,-73.16917,2022-04-15T00:09:30.642Z,0.592052,40.24494,2022-06-18T20:17:51.413Z,,2023-08-23T03:38:41.086Z
decred,dcr,Decred,https://assets.coingecko.com/coins/images/329/large/decred.png?1547034093,12.77,197170359,153,268316997.0,312842.0,13.1,12.44,-0.32739299822650914,-2.49906,-5830035.92729637,-2.87193,15431663.2223819,21000000.0,,247.35,-94.83287,2021-04-17T00:41:14.790Z,0.43154,2861.70826,2016-12-26T00:00:00.000Z,,2023-08-23T03:38:38.017Z
open-exchange-token,ox,Open Exchange Token,https://assets.coingecko.com/coins/images/30604/large/Logo2.png?1685522119,0.051711,195125870,154,505697543.0,2670004.0,0.059032,0.04798548,-0.004637424765310275,-8.22986,-19083464.74271804,-8.90879,3804529210.21,3804529210.21282,9860000000.0,0.081313,-35.54437,2023-08-09T21:09:50.806Z,0.01024732,411.46158,2023-05-31T12:41:50.689Z,,2023-08-23T03:38:17.735Z
holotoken,hot,Holo,https://assets.coingecko.com/coins/images/3348/large/Holologo_Profile.png?1547037966,0.00109828,195079479,155,195079479.0,7010791.0,0.001104,0.0010545,-2.478436599747e-06,-0.22516,-763342.1022316515,-0.38977,177619433541.141,177619433541.141,,0.03126682,-96.4856,2021-04-05T16:04:52.608Z,0.0002202,399.02194,2020-03-13T02:23:01.612Z,"{'times': 1.9669370354532512, 'currency': 'eth', 'percentage': 196.69370354532512}",2023-08-23T03:38:35.511Z
olympus,ohm,Olympus,https://assets.coingecko.com/coins/images/14483/large/token_OHM_%281%29.png?1628311611,10.72,191659849,156,284612058.0,357408.0,10.77,10.6,0.02155513,0.20155,175459.0,0.09163,17894650.8979153,26573293.4312726,26573293.4312726,1415.26,-99.23989,2021-04-25T00:00:00.000Z,7.54,42.60506,2022-11-26T16:36:26.296Z,,2023-08-23T03:38:31.101Z
defichain,dfi,DeFiChain,https://assets.coingecko.com/coins/images/11757/large/symbol-defi-blockchain_200.png?1597306538,0.254613,188044605,157,305330791.0,20003207.0,0.259696,0.239429,0.01515762,6.33004,11014857.0,6.22204,739046087.423322,1200000000.0,,5.61,-95.46613,2021-12-06T03:05:01.038Z,0.162998,56.1346,2020-07-16T10:24:06.014Z,,2023-08-23T03:38:38.813Z
compound-usdt,cusdt,cUSDT,https://assets.coingecko.com/coins/images/11621/large/cUSDT.png?1592113270,0.015494,186214079,158,186214079.0,8.25,,,,,,,12018464872.1087,12018464872.1087,,0.02468599,-37.23566,2022-11-10T12:22:53.410Z,0.00209672,638.96319,2022-11-21T00:54:17.922Z,,2023-08-21T03:29:47.573Z
safepal,sfp,SafePal,https://assets.coingecko.com/coins/images/13905/large/sfp.png?1660381192,0.499412,184858382,159,249949360.0,45368851.0,0.517862,0.460217,0.03919524,8.51669,14718604.0,8.65089,369791669.0,500000000.0,500000000.0,4.19,-87.94027,2021-02-09T18:30:34.250Z,0.269235,87.56839,2022-06-14T02:06:50.102Z,,2023-08-23T03:38:34.822Z
ravencoin,rvn,Ravencoin,https://assets.coingecko.com/coins/images/3412/large/ravencoin.png?1548386057,0.01550066,184651751,160,184648845.0,6264663.0,0.01562837,0.01502225,0.00018456,1.20503,2251539.0,1.23439,11907968088.8129,11907780693.8129,,0.285218,-94.55277,2021-02-20T11:19:07.791Z,0.00893232,73.9354,2020-03-13T02:30:00.004Z,,2023-08-23T03:38:37.273Z
yearn-finance,yfi,yearn.finance,https://assets.coingecko.com/coins/images/11849/large/yearn.jpg?1687142705,5571.46,184120143,161,204316406.0,24026242.0,5625.45,5410.6,-26.269217657146328,-0.46928,-902284.4773693681,-0.48766,33041.64014574912,36666.0,36666.0,90787.0,-93.85829,2021-05-12T00:29:37.713Z,31.65,17519.96945,2020-07-18T12:26:27.150Z,,2023-08-23T03:38:36.067Z
just,jst,JUST,https://assets.coingecko.com/coins/images/11095/large/JUST.jpg?1588175394,0.02053047,182705351,162,203186556.0,31787443.0,0.02054913,0.02013394,0.00016263,0.79848,987471.0,0.54341,8902080000.0,9900000000.0,9900000000.0,0.193254,-89.37824,2021-04-05T04:34:23.454Z,0.00476275,330.99043,2020-05-09T06:08:54.872Z,,2023-08-23T03:38:35.717Z
stepn,gmt,STEPN,https://assets.coingecko.com/coins/images/23597/large/gmt.png?1644658792,0.166685,182692675,163,998972058.0,15796810.0,0.168152,0.160881,0.00112968,0.68235,423692.0,0.23245,1097283995.14481,5436284015.14481,6000000000.0,4.11,-95.95381,2022-04-28T03:29:53.820Z,0.100826,64.82966,2022-03-11T06:04:31.100Z,,2023-08-23T03:38:42.026Z
blur,blur,Blur,https://assets.coingecko.com/coins/images/28453/large/blur.png?1670745921,0.210992,182510014,164,633298088.0,25001407.0,0.217515,0.202869,-0.005529204411206995,-2.55366,-4864785.609256089,-2.59629,864569233.25723,3000000000.0,3000000000.0,5.02,-95.78908,2023-02-14T17:33:55.928Z,0.191618,10.23489,2023-08-17T21:50:10.835Z,,2023-08-23T03:38:36.633Z
floki,floki,FLOKI,https://assets.coingecko.com/coins/images/16746/large/PNG_image.png?1643184642,1.813e-05,180122806,165,181123775.0,7053033.0,1.835e-05,1.74e-05,-1.40606858141e-07,-0.76978,-2142688.1653941274,-1.17559,9944735642835.0,10000000000000.0,,0.00033651,-94.61139,2021-11-04T06:58:35.285Z,8.428e-08,21415.2579,2021-07-06T01:11:20.438Z,,2023-08-23T03:38:42.635Z
gains-farm,gfarm2,Gains Farm,https://assets.coingecko.com/coins/images/13703/large/gfarm_v2.png?1611035398,5000.3,179180231,166,179180231.0,5067.35,,,,,,,35833.8919623323,35833.8919623323,35833.8919623323,11444.33,-56.3076,2023-02-17T08:10:37.065Z,18.04,27625.3855,2021-01-26T16:14:36.262Z,,2023-08-10T06:33:24.363Z
worldcoin-wld,wld,Worldcoin,https://assets.coingecko.com/coins/images/31069/large/worldcoin.jpeg?1690182386,1.41,179150489,167,14137813721.0,34769179.0,1.5,1.38,-0.05802326146002157,-3.95294,-7305242.130849063,-3.91795,126717250.894677,10000000000.0,10000000000.0,3.3,-57.14172,2023-07-24T09:20:13.301Z,1.31,7.84454,2023-08-17T21:50:39.219Z,,2023-08-23T03:38:44.816Z
eusd-27a558b0-8b5b-4225-a614-63539da936f4,eusd,eUSD,https://assets.coingecko.com/coins/images/30047/large/image_5.png?1683016861,1.048,176729673,168,176729673.0,245886.0,1.06,1.044,-0.000791624151635695,-0.07546,-10027638.51202938,-5.36934,168536974.135971,168536974.135971,,1.33,-21.45348,2023-06-16T22:52:47.254Z,0.961065,9.07071,2023-05-22T06:09:15.623Z,,2023-08-23T03:38:32.301Z
kusama,ksm,Kusama,https://assets.coingecko.com/coins/images/9568/large/m4zRhP5e_400x400.jpg?1576190080,19.34,173540001,169,193249561.0,15535261.0,19.54,18.62,-0.13828606555555822,-0.70983,-1821328.4570450783,-1.03861,8980098.074112339,10000000.0,10000000.0,621.71,-96.87801,2021-05-18T05:04:41.858Z,0.876572,2114.26099,2020-01-14T19:20:20.768Z,,2023-08-23T03:38:36.519Z
wemix-token,wemix,WEMIX,https://assets.coingecko.com/coins/images/12998/large/wemixcoin_color_200.png?1666768971,0.547989,172040441,170,532261692.0,1811609.0,0.557318,0.542516,-0.003073283684649875,-0.5577,-762435.6623217762,-0.44122,314083863.400657,971718085.667045,,24.71,-97.78162,2021-11-21T17:33:44.178Z,0.128398,326.95478,2021-06-22T12:52:49.089Z,,2023-08-23T03:38:36.732Z
golem,glm,Golem,https://assets.coingecko.com/coins/images/542/large/Golem_Submark_Positive_RGB.png?1606392013,0.171706,171694066,171,171694066.0,1765703.0,0.176035,0.169655,-0.001546947281623912,-0.89288,-1765798.018520087,-1.01799,1000000000.0,1000000000.0,,1.32,-87.02182,2018-04-13T09:13:22.739Z,0.00913753,1780.93279,2016-12-12T00:00:00.000Z,"{'times': 16.17062322990679, 'currency': 'usd', 'percentage': 1617.062322990679}",2023-08-23T03:38:34.854Z
audius,audio,Audius,https://assets.coingecko.com/coins/images/12913/large/AudiusCoinLogo_2x.png?1603425727,0.155461,171552822,172,183280587.0,3613477.0,0.156352,0.149792,0.00033438,0.21555,-217164.1079940498,-0.12643,1106620023.0,1182271241.00349,1182271241.00349,4.95,-96.86559,2021-03-27T15:45:35.137Z,0.0437371,255.08358,2020-10-23T14:56:23.999Z,,2023-08-23T03:38:39.622Z
livepeer,lpt,Livepeer,https://assets.coingecko.com/coins/images/7137/large/logo-circle-green.png?1619593365,5.86,169186584,173,169186584.0,38240638.0,6.02,5.59,-0.16127829683891104,-2.67994,-4180403.0508419573,-2.4113,28786617.0338825,28786617.0338825,28786617.0338825,99.03,-94.057,2021-11-09T16:58:44.554Z,0.354051,1562.2529,2019-10-26T22:59:09.500Z,,2023-08-23T03:38:41.839Z
alchemix-usd,alusd,Alchemix USD,https://assets.coingecko.com/coins/images/14114/large/Alchemix_USD.png?1614410406,0.99105,167214177,174,167214177.0,81648.0,1.003,0.983825,-0.002714286320755211,-0.27313,-704843.9363694191,-0.41975,168818059.057113,168818059.057113,,2.13,-53.46374,2021-03-21T19:53:32.860Z,0.060239,1543.42785,2021-03-19T22:40:28.697Z,,2023-08-23T03:38:40.967Z
tominet,tomi,tomiNet,https://assets.coingecko.com/coins/images/28730/large/logo_for_token.png?1673690005,2.24,167133531,175,260415410.0,17469548.0,2.33,2.22,-0.021683172453975885,-0.95816,-1455753.5989658237,-0.86349,74560384.0857761,116174611.171964,,6.59,-65.98345,2023-06-06T14:54:34.753Z,0.154561,1349.90129,2023-01-16T10:51:50.114Z,,2023-08-23T03:38:44.552Z
aragon,ant,Aragon,https://assets.coingecko.com/coins/images/681/large/Avatar_Circle_x6.png?1685684270,4.17,166708962,176,187798731.0,21702437.0,4.42,4.14,-0.18863517084815484,-4.32613,-7034411.954039276,-4.04874,40030814.330505036,43167647.3965443,45094973.0,14.64,-71.68091,2021-04-06T09:35:37.795Z,0.301888,1273.11963,2018-11-27T00:00:00.000Z,,2023-08-23T03:38:39.047Z
ribbon-finance,rbn,Ribbon Finance,https://assets.coingecko.com/coins/images/15823/large/RBN_64x64.png?1633529723,0.215421,166216231,177,215393978.0,387932.0,0.223547,0.213968,-0.007655018154316435,-3.43157,-5500402.327865213,-3.20319,771684668.869194,1000000000.0,1000000000.0,5.54,-96.1124,2021-10-07T22:30:49.258Z,0.12452,73.01884,2023-05-18T09:35:07.716Z,,2023-08-23T03:38:38.455Z
baby-doge-coin,babydoge,Baby Doge Coin,https://assets.coingecko.com/coins/images/16125/large/babydoge.jpg?1676303229,1.065e-09,165963331,178,446467019.0,1037060.0,1.116e-09,1.034e-09,-3.3172873e-11,-3.02204,-3989412.7636517584,-2.34737,1.561248560922935e+17,4.2e+17,4.2e+17,6.345e-09,-83.20115,2022-01-16T20:24:43.758Z,9.4771e-11,1024.65239,2021-06-09T02:48:21.787Z,,2023-08-23T03:38:39.865Z
btse-token,btse,BTSE Token,https://assets.coingecko.com/coins/images/10807/large/BTSE_logo_Square.jpeg?1583965964,1.02,165302731,179,204000000.0,11653.74,1.025,1.001,0.0,0.0,0.0,0.0,162061501.0,200000000.0,200000000.0,9.21,-88.92618,2022-03-23T09:11:07.549Z,0.631269,61.644,2020-12-13T14:22:21.597Z,"{'times': -0.49, 'currency': 'usd', 'percentage': -49.0}",2023-08-23T03:38:15.533Z
jasmycoin,jasmy,JasmyCoin,https://assets.coingecko.com/coins/images/13876/large/JASMY200x200.jpg?1612473259,0.00339392,164228951,180,169587930.0,13318705.0,0.00339963,0.00327878,3.243e-05,0.96474,1372497.0,0.84277,48419999999.3058,50000000000.0,50000000000.0,4.79,-99.92907,2021-02-16T03:53:32.207Z,0.00275026,23.52939,2022-12-29T20:41:09.113Z,,2023-08-23T03:38:38.424Z
icon,icx,ICON,https://assets.coingecko.com/coins/images/1060/large/icon-icx-logo.png?1547035003,0.167882,162079251,181,163963031.0,1855069.0,0.169872,0.161735,-0.001990931121039708,-1.17201,-2284766.0274840593,-1.39006,965352290.958911,976572184.609003,,13.16,-98.72364,2018-01-09T00:00:00.000Z,0.107465,56.3542,2020-01-03T02:14:53.139Z,"{'times': 0.5261960369121337, 'currency': 'usd', 'percentage': 52.619603691213364}",2023-08-23T03:38:43.458Z
link,fnsa,FINSCHIA,https://assets.coingecko.com/coins/images/6450/large/FINSCHIA_coin_icon%28black%29.png?1685058330,22.65,160070161,182,22562496677.0,210149.0,23.56,22.12,-0.5859522535786788,-2.52148,-6658708.364899427,-3.99373,7094523.402208,7094523.402208,1000000000.0,345.88,-93.53482,2021-04-01T22:19:00.034Z,1.055,2019.62868,2018-12-26T00:00:00.000Z,,2023-08-23T03:38:18.144Z
waves,waves,Waves,https://assets.coingecko.com/coins/images/425/large/waves.png?1548386117,1.53,153095023,183,153095023.0,36760425.0,1.57,1.49,-0.04018261426837744,-2.55834,-3643628.3512369096,-2.32465,100000000.0,100000000.0,,61.3,-97.50083,2022-03-31T14:34:44.545Z,0.130878,1070.59331,2016-08-02T00:00:00.000Z,"{'times': 7.14080023308492, 'currency': 'usd', 'percentage': 714.0800233084921}",2023-08-23T03:38:40.653Z
terra-luna-2,luna,Terra,https://assets.coingecko.com/coins/images/25767/large/01_Luna_color.png?1653556122,0.427322,151663301,184,460587289.0,14339426.0,0.43379,0.412731,-0.005623279710633923,-1.29884,-1847098.7428959906,-1.20324,355137177.210741,1078518456.25778,,18.87,-97.73806,2022-05-28T09:18:14.847Z,0.408038,4.60734,2023-08-17T21:45:36.916Z,,2023-08-23T03:38:44.434Z
merit-circle,mc,Merit Circle,https://assets.coingecko.com/coins/images/19304/large/Db4XqML.png?1634972154,0.328826,150930748,185,208025098.0,9165038.0,0.371856,0.318405,-0.03533214690489911,-9.70241,-15906509.309436262,-9.53415,458820616.5794162,632384087.954126,632384087.954126,11.7,-97.18598,2021-12-02T05:11:33.337Z,0.160326,105.40326,2023-06-15T11:20:26.674Z,,2023-08-23T03:38:32.927Z
balancer,bal,Balancer,https://assets.coingecko.com/coins/images/11683/large/Balancer.png?1592792958,3.53,150392492,186,338509355.0,10053149.0,3.61,3.4,-0.06844724621736908,-1.90458,-3355108.959296912,-2.18222,42717708.5860045,58688428.0696665,96150704.0,74.45,-95.26641,2021-05-04T13:35:02.939Z,3.36,4.89594,2023-08-17T21:46:26.387Z,,2023-08-23T03:38:34.516Z
polymath,poly,Polymath,https://assets.coingecko.com/coins/images/2784/large/inKkF01.png?1605007034,0.158797,149862659,187,166782617.0,1375503.0,0.185065,0.120254,0.03854275,32.05117,41305241.0,38.04921,898550829.6745886,1000000000.0,,1.59,-89.4047,2018-02-20T00:00:00.000Z,0.01100606,1432.40204,2020-03-13T02:22:30.088Z,,2023-08-23T03:38:22.949Z
swipe,sxp,SXP,https://assets.coingecko.com/coins/images/9368/large/swipe.png?1566792311,0.257934,148577156,188,148577045.0,5975208.0,0.261618,0.248369,-0.002984331879337554,-1.14378,-1878244.1212276816,-1.24837,575209757.98694,575209325.216672,,5.79,-95.53929,2021-05-03T15:29:39.372Z,0.161303,60.11713,2020-03-18T13:24:48.021Z,,2023-08-23T03:38:42.350Z
ethereum-pow-iou,ethw,EthereumPoW,https://assets.coingecko.com/coins/images/26997/large/logo-clear.png?1661311105,1.37,147223693,189,147223385.0,3595674.0,1.39,1.31,-0.015741273170436058,-1.13989,-2169946.828843981,-1.4525,107818943.04993,107818717.04993,,58.54,-97.66381,2022-09-03T00:10:33.722Z,1.27,7.96467,2023-06-10T04:30:54.783Z,,2023-08-23T03:38:35.839Z
siacoin,sc,Siacoin,https://assets.coingecko.com/coins/images/289/large/siacoin.png?1548386465,0.00281752,145076560,190,,1035932.0,0.00284739,0.00276546,-2.621118650368e-06,-0.09294,-263079.95462051034,-0.18101,51477015000.0,,,0.092868,-96.96632,2018-01-06T00:00:00.000Z,1.262e-05,22221.97214,2015-12-28T00:00:00.000Z,"{'times': -0.48407531863162, 'currency': 'btc', 'percentage': -48.407531863162}",2023-08-23T03:38:35.231Z
dao-maker,dao,DAO Maker,https://assets.coingecko.com/coins/images/13915/large/4.png?1612838831,0.758865,144067935,191,210712681.0,601775.0,0.782066,0.752803,-0.019422056833263035,-2.49549,-3606006.98516953,-2.44187,189748000.0,277524000.0,277524000.0,8.71,-91.28356,2021-04-21T17:13:06.858Z,0.752803,0.86403,2023-08-22T21:30:52.730Z,,2023-08-23T03:38:42.461Z
tomochain,tomo,TomoChain,https://assets.coingecko.com/coins/images/3416/large/Asset_59_2x.png?1582948925,1.48,143289000,192,147932142.0,16156868.0,1.61,1.47,-0.08133569257675122,-5.21718,-7581851.081887305,-5.02539,96861302.6666667,100000000.0,,3.88,-61.7616,2021-09-06T10:14:46.160Z,0.139955,959.7521,2020-03-13T02:24:15.954Z,"{'times': 4.910642394054708, 'currency': 'usd', 'percentage': 491.0642394054708}",2023-08-23T03:38:37.501Z
ontology,ont,Ontology,https://assets.coingecko.com/coins/images/3447/large/ONT.png?1583481820,0.15982,142416359,193,159734295.0,5457627.0,0.160583,0.15201,0.00354076,2.26567,2648858.0,1.89519,891582857.0,1000000000.0,,10.92,-98.53581,2018-05-03T01:43:05.844Z,0.145208,10.11536,2022-12-30T07:46:17.182Z,,2023-08-23T03:38:37.707Z
ronin,ron,Ronin,https://assets.coingecko.com/coins/images/20009/large/Ronin_Mark_Blue.png?1686729719,0.57602,142259276,194,573883328.0,1413526.0,0.585973,0.565068,-0.009952969790657629,-1.69854,-2279683.4556337595,-1.57721,247888845.202608,1000000000.0,1000000000.0,4.29,-86.71144,2022-01-27T13:14:36.500Z,0.196601,190.2632,2022-11-21T19:36:31.487Z,,2023-08-23T03:38:44.055Z
aelf,elf,aelf,https://assets.coingecko.com/coins/images/1371/large/aelf-logo.png?1547035397,0.299086,137889076,195,263027307.0,14974111.0,0.306607,0.283966,0.01511921,5.3243,6485284.0,4.93539,461329999.0,879999999.986466,,2.6,-88.50966,2018-01-09T00:00:00.000Z,0.03545756,743.88578,2020-03-13T02:22:35.431Z,,2023-08-23T03:38:36.382Z
moonbeam,glmr,Moonbeam,https://assets.coingecko.com/coins/images/22459/large/glmr.png?1641880985,0.193484,137728925,196,208675101.0,1762821.0,0.196851,0.188784,-0.002625768994201694,-1.33893,-1840806.953323692,-1.31892,713615593.0,1081209381.0,,19.5,-99.00961,2022-01-11T14:57:46.115Z,0.188784,2.29887,2023-08-22T21:41:19.987Z,,2023-08-23T03:38:40.700Z
seth2,seth2,sETH2,https://assets.coingecko.com/coins/images/16569/large/emerald256.png?1624494960,1620.57,135149872,197,135149872.0,505624.0,1653.91,1591.02,-29.568670244596206,-1.79189,-2544609.828984976,-1.84801,83437.3774320006,83437.3774320006,,4821.87,-66.36161,2021-11-10T14:23:55.647Z,887.7,82.71973,2022-06-18T20:57:32.629Z,,2023-08-23T03:38:14.831Z
wax,waxp,WAX,https://assets.coingecko.com/coins/images/1372/large/WAX_Coin_Tickers_P_512px.png?1602812260,0.04039461,135076454,198,152376679.0,854074.0,0.04211438,0.03978608,-0.00052610394282826,-1.28567,-1379287.4249670208,-1.01079,3342238508.06759,3770303327.0,3770303327.0,2.77,-98.54191,2018-01-09T00:00:00.000Z,0.01594711,153.42183,2019-12-30T16:39:58.981Z,"{'times': -0.873766846552482, 'currency': 'usd', 'percentage': -87.37668465524821}",2023-08-23T03:38:43.052Z
stasis-eurs,eurs,STASIS EURO,https://assets.coingecko.com/coins/images/5164/large/EURS_300x300.png?1550571779,1.087,134964866,199,134964866.0,4709865.0,1.094,1.079,-0.00170737583694236,-0.15677,-258695.75169366598,-0.19131,124125940.0,124125940.0,124125940.0,1.79,-39.41423,2023-03-14T12:00:06.279Z,0.929636,16.86386,2022-11-10T13:44:54.149Z,,2023-08-23T03:38:36.666Z
iostoken,iost,IOST,https://assets.coingecko.com/coins/images/2523/large/IOST.png?1557555183,0.00719231,134497148,200,647004743.0,3447201.0,0.00723988,0.00699478,3.16e-05,0.4413,-72783.96801972389,-0.05409,18708894189.0,18708894189.0,90000000000.0,0.129829,-94.46031,2018-01-24T00:00:00.000Z,0.00160309,348.64035,2020-03-13T02:25:35.257Z,,2023-08-23T03:38:36.108Z
band-protocol,band,Band Protocol,https://assets.coingecko.com/coins/images/9545/large/Band_token_blue_violet_token.png?1625881431,1.006,134060723,201,138488165.0,8248882.0,1.013,0.96155,0.00197122,0.19627,49283.0,0.03678,133228548.245332,137628507.222946,,22.83,-95.59685,2021-04-15T12:04:11.270Z,0.203625,393.6556,2019-11-25T05:49:22.765Z,"{'times': 1.1274743680159176, 'currency': 'usd', 'percentage': 112.74743680159176}",2023-08-23T03:38:41.456Z
iotex,iotx,IoTeX,https://assets.coingecko.com/coins/images/3334/large/iotex-logo.png?1547037941,0.01407579,133309183,202,134032121.0,3565828.0,0.014344,0.01367599,8.471e-05,0.60547,883906.0,0.66748,9445046142.0,9496266827.32,9496266827.32,0.255593,-94.45423,2021-11-13T16:54:18.643Z,0.00121576,1065.90333,2020-03-13T02:29:47.597Z,,2023-08-23T03:38:38.812Z
axelar,axl,Axelar,https://assets.coingecko.com/coins/images/27277/large/V-65_xQ1_400x400.jpeg?1663121730,0.357761,133099949,203,389702898.0,19940836.0,0.363174,0.349441,-0.002777066623234015,-0.77026,-572941.1392991692,-0.42861,371488625.659727,1087680314.71367,,1.15,-68.96912,2022-09-27T22:19:02.643Z,0.326979,9.60719,2023-07-10T02:20:52.277Z,,2023-08-23T03:38:34.719Z
unibot,unibot,Unibot,https://assets.coingecko.com/coins/images/30462/large/logonoline_%281%29.png?1687510315,130.29,131939992,204,131939992.0,11404814.0,145.36,116.3,-12.900865068873657,-9.00949,-9503033.460804492,-6.71863,1000000.0,1000000.0,1000000.0,236.98,-44.36355,2023-08-16T13:34:42.408Z,2.46,5250.32628,2023-05-22T09:19:33.417Z,,2023-08-23T03:38:22.997Z
harrypotterobamasonic10in,bitcoin,HarryPotterObamaSonic10Inu (ETH),https://assets.coingecko.com/coins/images/30323/large/hpos10i_logo_casino_night-dexview.png?1684117567,0.131674,131551028,205,131577586.0,8486701.0,0.170785,0.127321,-0.039111281114619006,-22.90084,-40013875.39986774,-23.32288,999798155.0,999798155.0,1000000000.0,0.196317,-32.55259,2023-08-20T18:54:54.704Z,0.00066337,19860.45149,2023-05-31T23:11:46.784Z,,2023-08-23T03:38:44.581Z
magic,magic,Magic,https://assets.coingecko.com/coins/images/18623/large/magic.png?1656052146,0.5901,131517951,206,205305037.0,16119039.0,0.602021,0.56445,-0.005102372301605263,-0.85725,-1305472.0569746941,-0.98286,222744820.229575,339645510.317976,347714007.0,6.32,-90.65222,2022-02-19T16:24:53.615Z,0.01999252,2856.6831,2021-10-07T01:57:51.729Z,,2023-08-23T03:38:34.104Z
biconomy,bico,Biconomy,https://assets.coingecko.com/coins/images/21061/large/biconomy_logo.jpg?1638269749,0.207827,129815362,207,207834113.0,1545508.0,0.211193,0.201235,-0.002529424178783241,-1.20245,-1813790.918876931,-1.37796,624610465.36516,1000000000.0,1000000000.0,21.45,-99.03117,2021-12-02T02:18:45.254Z,0.196287,5.85642,2023-08-17T21:51:50.996Z,,2023-08-23T03:38:41.862Z
ocean-protocol,ocean,Ocean Protocol,https://assets.coingecko.com/coins/images/3687/large/ocean-protocol-logo.jpg?1547038686,0.297477,129093946,208,419380666.0,14669844.0,0.303368,0.28902,-0.002572331759682245,-0.8573,-1246777.2001220584,-0.95655,434026836.76781356,1410000000.0,1410000000.0,1.93,-84.57924,2021-04-10T09:24:58.915Z,0.01284832,2216.37926,2019-08-11T00:00:00.000Z,"{'times': 1.4789729084993408, 'currency': 'usd', 'percentage': 147.89729084993408}",2023-08-23T03:38:37.037Z
tribe-2,tribe,Tribe,https://assets.coingecko.com/coins/images/14575/large/tribe.PNG?1617487954,0.285592,128010890,209,281333012.0,31985.0,0.28768,0.269636,0.01003433,3.64147,1341314.0,1.05891,455015530.80485964,1000000000.0,1000000000.0,2.45,-88.56323,2021-04-03T23:33:40.147Z,0.14412,94.40531,2022-08-19T07:45:15.996Z,,2023-08-23T03:38:36.291Z
swissborg,chsb,SwissBorg,https://assets.coingecko.com/coins/images/2117/large/YJUrRy7r_400x400.png?1589794215,0.133254,126933553,210,133367942.0,6723703.0,0.139317,0.131152,-0.005908925205097921,-4.24603,-5614443.98540093,-4.23578,951754603.4742761,1000000000.0,,1.64,-91.86662,2021-05-04T17:14:50.120Z,0.00502687,2553.29117,2019-07-28T00:00:00.000Z,"{'times': 0.332544603636666, 'currency': 'usd', 'percentage': 33.2544603636666}",2023-08-23T03:38:26.766Z
krypton-dao,krd,Krypton DAO,https://assets.coingecko.com/coins/images/25467/large/krd.png?1651915442,1.24,126650960,211,12361361895.0,1167.01,1.24,1.14,0.03543697,2.95144,3651629.0,2.96882,102457125.0,10000000000.0,10000000000.0,4.04,-69.38329,2023-05-31T00:21:03.622Z,0.153898,703.17651,2022-08-18T07:19:22.184Z,,2023-08-23T03:37:56.295Z
terrausd,ustc,TerraClassicUSD,https://assets.coingecko.com/coins/images/12681/large/UST.png?1653548090,0.01272477,124615002,212,124684962.0,3049563.0,0.01305264,0.01238294,-0.000287311147259824,-2.20803,-3145022.112569809,-2.46166,9789556205.98741,9795052125.71749,,1.092,-98.83335,2021-01-11T22:30:57.984Z,0.00601921,111.63483,2022-06-18T20:35:39.169Z,,2023-08-23T03:38:43.607Z
harmony,one,Harmony,https://assets.coingecko.com/coins/images/4344/large/Y88JAze.png?1565065793,0.00992226,121974946,213,130406525.0,12148671.0,0.00991781,0.0092027,0.00020035,2.06084,1985142.0,1.65443,12305426115.0007,13156044839.793139,13156044839.793139,0.37902,-97.3857,2021-10-26T09:28:49.782Z,0.00127355,678.04021,2020-03-13T02:24:14.005Z,"{'times': 2.1251226899725215, 'currency': 'usd', 'percentage': 212.51226899725216}",2023-08-23T03:38:40.630Z
bitcoin-avalanche-bridged-btc-b,btc.b,Bitcoin Avalanche Bridged (BTC.b),https://assets.coingecko.com/coins/images/26115/large/btcb.png?1655921693,25979.0,121287080,214,121287080.0,4730818.0,26159.0,25537.0,-30.623630925365433,-0.11774,-86871.5001386851,-0.07157,4668.81354048,4668.81354048,,42442.0,-38.77077,2023-01-16T22:36:24.558Z,7806.11,232.90118,2023-03-03T05:01:42.603Z,,2023-08-23T03:37:59.506Z
bitkub-coin,kub,Bitkub Coin,https://assets.coingecko.com/coins/images/15760/large/KUB.png?1621825161,1.35,119793939,215,148309886.0,1151452.0,1.38,1.24,0.084212,6.67702,7718564.0,6.88694,88850000.0,110000000.0,110000000.0,17.24,-92.12616,2021-12-28T01:16:46.693Z,0.381968,255.37729,2021-07-20T14:22:47.966Z,,2023-08-23T03:37:17.470Z
canvas-n-glr,glr,GalleryCoin,https://assets.coingecko.com/coins/images/29372/large/%EA%B0%A4%EB%9F%AC%EB%A6%AC%EC%BD%94%EC%9D%B8_%EB%A1%9C%EA%B3%A0%28200_200%29.png?1678350274,0.496467,119589684,216,992799831.0,113574.0,0.497296,0.494094,-0.000733560860156746,-0.14754,-208394.38262689114,-0.17395,240913990.0,2000000000.0,2000000000.0,0.56885,-12.86761,2023-07-28T15:58:45.911Z,0.223501,121.76704,2023-04-01T22:57:51.207Z,,2023-08-23T03:37:59.235Z
bora,bora,BORA,https://assets.coingecko.com/coins/images/7646/large/mqFw8hxm_400x400.jpeg?1656657343,0.119314,118584503,217,143882530.0,762170.0,0.120805,0.115287,-0.000804864868225216,-0.67006,1247377.0,1.06307,993750000.0,1205750000.0,1205750000.0,1.61,-92.54935,2021-11-25T00:10:02.143Z,0.00482732,2384.4007,2020-02-15T17:49:05.317Z,,2023-08-23T03:38:38.710Z
wrapped-beacon-eth,wbeth,Wrapped Beacon ETH,https://assets.coingecko.com/coins/images/30061/large/wbeth-icon.png?1683001548,1652.6,117214287,218,117214287.0,78350.0,1688.88,1623.0,-32.94700294525751,-1.95468,-2441078.6505961567,-2.04009,70938.0,70938.0,,2037.5,-18.88474,2023-07-14T01:24:42.867Z,1594.31,3.66396,2023-08-17T21:50:48.211Z,,2023-08-23T03:38:32.800Z
gains-network,gns,Gains Network,https://assets.coingecko.com/coins/images/19737/large/logo.png?1635909203,3.76,113889812,219,113889812.0,3536331.0,3.82,3.68,-0.06150187924007122,-1.61066,-1975264.171874553,-1.7048,30306717.0,30306717.0,30306717.0,12.48,-69.89015,2023-02-17T07:55:07.998Z,0.265841,1313.41742,2021-11-29T05:56:42.899Z,,2023-08-23T03:38:41.571Z
amp-token,amp,Amp,https://assets.coingecko.com/coins/images/12409/large/amp-200x200.png?1599625397,0.00200367,112457934,220,199250088.0,3129975.0,0.00203624,0.00196083,-2.1379906858919e-05,-1.05577,-1246228.479801312,-1.09603,56127938240.441696,99446043447.1583,99446043447.1583,0.120813,-98.34298,2021-06-16T16:03:41.147Z,0.00185806,7.741,2023-06-10T06:55:55.878Z,,2023-08-23T03:38:39.403Z
sushi,sushi,Sushi,https://assets.coingecko.com/coins/images/12271/large/512x512_Logo_no_chop.png?1606986688,0.581071,112053233,221,145305339.0,19024468.0,0.585731,0.560192,0.00335743,0.58116,542971.0,0.48692,192789255.8554817,249543477.187306,250000000.0,23.38,-97.513,2021-03-13T23:44:36.774Z,0.475381,22.29589,2020-11-04T14:53:53.560Z,,2023-08-23T03:38:43.322Z
msol,msol,Marinade staked SOL,https://assets.coingecko.com/coins/images/17752/large/mSOL.png?1644541955,23.34,111097848,222,111094725.0,2581883.0,23.93,22.45,-0.5042655674374892,-2.11447,-2895248.8168663234,-2.53985,4766684.0,4766684.0,4766684.0,3541.84,-99.3406,2021-08-23T22:16:35.076Z,8.93,161.52742,2022-12-29T20:45:33.039Z,,2023-08-23T03:38:31.277Z
stargate-finance,stg,Stargate Finance,https://assets.coingecko.com/coins/images/24413/large/STG_LOGO.png?1647654518,0.540661,110418771,223,540345354.0,10674872.0,0.548536,0.523272,-0.001942972770856977,-0.35808,-404515.8521105498,-0.36501,204348515.727817,1000000000.0,1000000000.0,4.14,-86.94082,2022-04-02T00:00:00.000Z,0.337788,60.11263,2022-08-19T00:00:00.000Z,,2023-08-23T03:38:34.819Z
energy-web-token,ewt,Energy Web,https://assets.coingecko.com/coins/images/10886/large/R9gQTJV__400x400.png?1585604557,2.33,110309993,224,233089634.0,1274906.0,2.4,2.28,0.02346056,1.01707,954066.0,0.87244,47325138.6991253,69017450.9455633,100000000.0,22.67,-89.71325,2021-04-17T03:10:00.960Z,0.543628,329.02933,2020-04-03T00:00:00.000Z,,2023-08-23T03:38:22.911Z
digibyte,dgb,DigiByte,https://assets.coingecko.com/coins/images/63/large/digibyte.png?1547033717,0.00667851,110072088,225,140505744.0,1745206.0,0.00670654,0.00641748,1.981e-05,0.29748,345728.0,0.31508,16451383234.527,21000000000.0,,0.178084,-96.2422,2021-05-01T00:19:01.967Z,3.099e-05,21496.56564,2015-01-14T00:00:00.000Z,,2023-08-23T03:38:37.764Z
coredaoorg,core,Core,https://assets.coingecko.com/coins/images/28938/large/coredao.png?1675503751,0.70859,109837717,226,1489377857.0,8857879.0,0.739333,0.687656,-0.030314088196520594,-4.10257,-4741766.552603692,-4.13841,154869500.620963,2100000000.0,2100000000.0,6.14,-88.46551,2023-02-08T12:55:39.828Z,0.68125,4.02019,2023-08-17T21:51:47.182Z,,2023-08-23T03:38:43.891Z
kadena,kda,Kadena,https://assets.coingecko.com/coins/images/3693/large/Logo.png?1686042789,0.446536,108911256,227,448030735.0,2475434.0,0.45628,0.430879,-0.009736535584304984,-2.13393,-2175364.651558101,-1.95826,243088806.07696,1000000000.0,1000000000.0,27.64,-98.37745,2021-11-11T13:22:45.731Z,0.065811,581.34422,2020-03-13T02:00:28.582Z,"{'times': -0.5534641070818467, 'currency': 'usd', 'percentage': -55.34641070818467}",2023-08-23T03:38:43.271Z
lukso-token,lyxe,LUKSO [OLD],https://assets.coingecko.com/coins/images/11423/large/LYX.png?1689818779,6.84,106028651,228,680721780.0,536048.0,7.29,6.18,-0.44978213614852613,-6.17229,-4450868.792531863,-4.02868,15575915.708856644,100000000.0,100000000.0,41.18,-83.29427,2021-11-04T07:31:04.430Z,0.203056,3287.79496,2020-07-18T10:14:36.612Z,,2023-08-23T03:38:23.757Z
hive,hive,Hive,https://assets.coingecko.com/coins/images/10840/large/logo_transparent_4x.png?1584623184,0.282943,105072359,229,,454548.0,0.289769,0.278096,-0.004449929173677758,-1.54838,-1716954.2123215944,-1.6078,371261453.714,,,3.41,-91.67849,2021-11-26T01:46:11.175Z,0.087309,224.79967,2020-04-06T07:35:48.099Z,,2023-08-23T03:38:40.135Z
blox,cdt,Blox,https://assets.coingecko.com/coins/images/1231/large/Blox_Staking_Logo_2.png?1609117544,0.154816,104435913,230,154816388.0,119023.0,0.175023,0.122303,-0.012206777384663692,-7.30843,-8174853.301344156,-7.25939,674579184.17,1000000000.0,,0.502216,-69.19482,2023-03-21T14:15:03.845Z,0.00164788,9288.31726,2020-03-13T02:24:15.284Z,"{'times': -0.4224727077423685, 'currency': 'eth', 'percentage': -42.24727077423685}",2023-08-23T03:24:00.986Z
nucypher,nu,NuCypher,https://assets.coingecko.com/coins/images/3318/large/photo1198982838879365035.jpg?1547037916,0.059361,102416061,231,264863921.0,1796.29,0.05942,0.059332,-5.9393318473315e-05,-0.09995,1048854.0,1.03471,0.0,3885390081.74825,3885390081.74825,2.61,-97.72301,2021-10-15T08:50:14.799Z,0.01610325,268.97361,2023-07-22T14:58:11.418Z,,2023-08-23T03:38:12.928Z
zencash,zen,Horizen,https://assets.coingecko.com/coins/images/691/large/horizen.png?1555052241,7.29,102214087,232,152865536.0,3888948.0,7.39,6.99,0.117749,1.64277,1447765.0,1.43676,14041725.0,14041712.5,21000000.0,165.92,-95.60414,2021-05-08T06:00:30.087Z,3.26,123.41789,2019-10-17T00:00:00.000Z,,2023-08-23T03:38:41.971Z
skale,skl,SKALE,https://assets.coingecko.com/coins/images/13245/large/SKALE_token_300x300.png?1606789574,0.02176398,101878396,233,152582638.0,6912485.0,0.02218774,0.02073298,3.42e-06,0.0157,112596.0,0.11064,4673852671.0,5108573535.65703,7000000000.0,1.22,-98.20234,2021-03-12T05:14:18.439Z,0.0196692,11.16033,2022-12-31T07:01:52.837Z,,2023-08-23T03:38:35.077Z
lisk,lsk,Lisk,https://assets.coingecko.com/coins/images/385/large/Lisk_Symbol_-_Blue.png?1573444104,0.70202,101564652,234,,604629.0,0.714762,0.695309,-0.007022737991270289,-0.99045,-1265344.3456759304,-1.23052,144818773.0,,,34.92,-97.9906,2018-01-07T00:00:00.000Z,0.101672,590.22334,2017-03-01T00:00:00.000Z,,2023-08-23T03:38:39.872Z
uma,uma,UMA,https://assets.coingecko.com/coins/images/10951/large/UMA.png?1586307916,1.37,100800798,235,157800018.0,4608764.0,1.4,1.33,-0.023554642509648893,-1.68961,-1514253.2696409523,-1.47999,73512071.34457327,115080499.011179,115080499.011179,41.56,-96.69506,2021-02-04T11:27:11.433Z,0.303625,352.33398,2020-04-29T17:00:41.760Z,,2023-08-23T03:38:44.280Z
ssv-network,ssv,SSV Network,https://assets.coingecko.com/coins/images/19155/large/ssv.png?1638181902,14.19,100711157,236,157439463.0,8246158.0,14.49,13.58,-0.2654937418835015,-1.83615,-2013774.9891748577,-1.96036,7085672.647228521,11076871.0,,49.52,-71.26608,2023-02-27T23:15:10.196Z,3.67,287.59636,2022-06-18T20:56:57.599Z,,2023-08-23T03:38:35.436Z
coinex-token,cet,CoinEx,https://assets.coingecko.com/coins/images/4817/large/coinex-token.png?1547040183,0.03367372,99950881,237,335635337.0,228438.0,0.03369225,0.03295613,0.00033273,0.99796,-311945.19524770975,-0.31113,2977960610.9,201100000.613172,10000000000.0,0.150293,-77.92916,2018-07-03T22:04:23.838Z,0.00410696,707.67457,2018-12-15T00:00:00.000Z,,2023-08-23T03:38:36.486Z
kyber-network-crystal,knc,Kyber Network Crystal,https://assets.coingecko.com/coins/images/14899/large/RwdVsGcw_400x400.jpg?1618923851,0.537713,97831473,238,135865376.0,11181763.0,0.546517,0.518016,0.00153171,0.28567,427226.0,0.43861,181672720.04658374,228331675.333522,252301550.0,5.7,-90.5312,2022-04-29T00:29:36.976Z,0.447874,20.4039,2023-06-10T04:31:08.299Z,,2023-08-23T03:38:37.635Z
zelcash,flux,Flux,https://assets.coingecko.com/coins/images/5163/large/Flux_symbol_blue-white.png?1617192144,0.306085,96916019,239,134628132.0,3800572.0,0.316427,0.29964,-0.007012452234078593,-2.23971,-2350208.3436408043,-2.36758,316746937.299234,440000000.0,,3.33,-90.73698,2022-01-03T10:18:02.680Z,0.01640374,1778.07859,2021-01-13T05:29:57.987Z,,2023-08-23T03:38:36.714Z
everscale,ever,Everscale,https://assets.coingecko.com/coins/images/12783/large/everscale_badge_main_round_1x.png?1640050196,0.052993,95519039,240,110630248.0,2248341.0,0.05349,0.052693,0.00022521,0.4268,334512.0,0.35144,1804769019.0,2090285318.0,,2.56,-97.93315,2020-10-13T21:23:14.299Z,0.02451169,116.0643,2022-12-29T07:05:05.994Z,,2023-08-23T03:38:44.152Z
constellation-labs,dag,Constellation,https://assets.coingecko.com/coins/images/4645/large/Constellation_Network_Logo.png?1662543939,0.03224209,93110209,241,114408554.0,247962.0,0.03427357,0.03219444,-0.001714728545380927,-5.04973,-4845736.817285329,-4.94685,2889130478.0654,3550000000.0,,0.451761,-92.87511,2021-08-25T23:30:00.311Z,0.00110189,2821.11531,2019-03-09T00:00:00.000Z,"{'times': -0.7038052360959808, 'currency': 'eth', 'percentage': -70.38052360959809}",2023-08-23T03:38:09.604Z
deso,deso,Decentralized Social,https://assets.coingecko.com/coins/images/16310/large/deso-logo-refresh-white.png?1666430590,8.84,93087618,242,95529110.0,2909763.0,9.0,8.82,-0.1612406329600855,-1.79195,-1608205.6816572547,-1.69829,10532253.8854,10808492.6854,10808492.6854,198.68,-95.5425,2021-06-19T20:53:25.052Z,5.33,66.19616,2022-09-01T18:05:41.566Z,,2023-08-23T03:38:44.512Z
reserve-rights-token,rsr,Reserve Rights,https://assets.coingecko.com/coins/images/8365/large/rsr.png?1637983320,0.00182341,92130541,243,182076168.0,6948805.0,0.0018434,0.00170777,-7.11522923215e-06,-0.3887,-576208.7313681096,-0.62154,50600000000.0,100000000000.0,100000000000.0,0.117424,-98.4454,2021-04-16T17:45:02.062Z,0.00121354,50.42448,2020-03-16T11:09:08.151Z,"{'times': 0.6576440633071554, 'currency': 'usd', 'percentage': 65.76440633071554}",2023-08-23T03:38:37.671Z
polymesh,polyx,Polymesh,https://assets.coingecko.com/coins/images/23496/large/Polymesh-symbol.png?1683256883,0.108862,92095008,244,92095008.0,1302811.0,0.111016,0.106856,-0.001493452663526171,-1.35331,-597674.7070341855,-0.64479,845936143.93111,845936143.93111,,0.494208,-77.95888,2022-10-17T11:43:16.638Z,0.100357,8.54106,2023-06-15T11:29:34.993Z,,2023-08-23T03:38:34.207Z
hxro,hxro,HXRO,https://assets.coingecko.com/coins/images/7805/large/X_3D_Black_%2810%29.png?1690137100,0.149779,91467977,245,149852772.0,3875.38,0.152546,0.149046,-0.00218575933049156,-1.43833,-1345093.0287798643,-1.44925,610385617.0535563,1000000000.0,,0.800981,-81.30081,2021-06-05T00:59:41.210Z,0.00914678,1537.48296,2019-11-10T15:12:15.992Z,,2023-08-23T03:37:41.884Z
lido-staked-sol,stsol,Lido Staked SOL,https://assets.coingecko.com/coins/images/18369/large/logo_-_2021-09-15T100934.765.png?1631671781,23.24,90507210,246,90507097.0,1089738.0,23.78,22.33,-0.4931189493851491,-2.07804,-2207140.6124153733,-2.38058,3900411.7359,3900406.846,3900406.846,263.24,-91.1685,2021-11-07T01:28:34.051Z,8.65,168.6155,2022-12-29T20:46:29.701Z,,2023-08-23T03:37:42.200Z
murasaki,mura,Murasaki,https://assets.coingecko.com/coins/images/28570/large/mura.png?1671795851,1.72,90206639,247,1571544230.0,2105.25,1.75,1.56,-0.033369908855505725,-1.90483,-7650250.90319556,-7.81779,57400000.0,1000000000.0,1000000000.0,3.38,-53.4524,2023-07-30T07:06:26.402Z,0.234193,571.05148,2023-03-21T20:58:36.232Z,,2023-08-23T03:37:55.809Z
nervos-network,ckb,Nervos Network,https://assets.coingecko.com/coins/images/9566/large/Nervos_White.png?1608280856,0.00266552,88879432,248,,1626397.0,0.00269036,0.00256926,-4.18424432118e-06,-0.15673,-422770.12183243036,-0.47342,33340636263.0312,,,0.04370633,-93.89453,2021-03-31T17:08:59.155Z,0.00197892,34.84509,2022-12-17T14:25:57.243Z,"{'times': -0.7334484789459139, 'currency': 'usd', 'percentage': -73.3448478945914}",2023-08-23T03:38:36.544Z
playdapp,pla,PlayDapp,https://assets.coingecko.com/coins/images/14316/large/54023228.png?1615366911,0.157212,88197061,249,110221002.0,1350495.0,0.164995,0.15398,-0.007782716726184303,-4.71694,-3068487.843673423,-3.36215,560128667.0,700000000.0,,3.74,-95.793,2021-10-31T01:43:56.805Z,0.093206,69.00724,2021-06-22T13:53:57.916Z,,2023-08-23T03:38:42.415Z
cartesi,ctsi,Cartesi,https://assets.coingecko.com/coins/images/11038/large/Cartesi_Logo.png?1689603517,0.119044,88112236,250,118502945.0,4288238.0,0.120713,0.113512,0.0007518,0.63554,-222422.1355175376,-0.25179,743544691.0252277,1000000000.0,1000000000.0,1.74,-93.18873,2021-05-09T00:43:41.306Z,0.02670608,344.84379,2020-05-10T04:49:27.744Z,,2023-08-23T03:38:36.627Z
